title,author,publisher,publishedAt,image,isbn
레트로의 유니티 게임 프로그래밍 에센스(소문난 명강의),이제민,한빛미디어,2019-02-20,https://search1.kakaocdn.net/thumb/R120x174.q85/?fname=http%3A%2F%2Ft1.daumcdn.net%2Flbook%2Fimage%2F4878358%3Ftimestamp%3D20210706195050,9791162241516
운영체제(개정판 3판)(IT Cookbook 202),구현회,한빛아카데미,2016-06-30,https://search1.kakaocdn.net/thumb/R120x174.q85/?fname=http%3A%2F%2Ft1.daumcdn.net%2Flbook%2Fimage%2F1570440%3Ftimestamp%3D20210702152552,9791156642459
처음 시작하는 파이썬(2판),빌 루바노빅,한빛미디어,2020-08-24,https://search1.kakaocdn.net/thumb/R120x174.q85/?fname=http%3A%2F%2Ft1.daumcdn.net%2Flbook%2Fimage%2F5447694%3Ftimestamp%3D20210706194129,9791162243336
Do it! 점프 투 파이썬,박응용,이지스퍼블리싱,2019-06-20,https://search1.kakaocdn.net/thumb/R120x174.q85/?fname=http%3A%2F%2Ft1.daumcdn.net%2Flbook%2Fimage%2F4977247%3Ftimestamp%3D20210706195129,9791163030911
Game Engine Architecture,Jason Gregory,.,2015-01-01,https://search1.kakaocdn.net/thumb/R120x174.q85/?fname=http%3A%2F%2Ft1.daumcdn.net%2Flbook%2Fimage%2F3239231%3Ftimestamp%3D20190219005130,9781466560017
Do it! 점프 투 파이썬,박응용,이지스퍼블리싱,2019-06-20,https://search1.kakaocdn.net/thumb/R120x174.q85/?fname=http%3A%2F%2Ft1.daumcdn.net%2Flbook%2Fimage%2F4977247%3Ftimestamp%3D20210706195129,9791163030911
Do it! 점프 투 파이썬,박응용,이지스퍼블리싱,2016-03-03,https://search1.kakaocdn.net/thumb/R120x174.q85/?fname=http%3A%2F%2Ft1.daumcdn.net%2Flbook%2Fimage%2F1481287%3Ftimestamp%3D20210402150811,9788997390915
두근두근 파이썬,천인국,생능출판,2017-01-16,https://search1.kakaocdn.net/thumb/R120x174.q85/?fname=http%3A%2F%2Ft1.daumcdn.net%2Flbook%2Fimage%2F961298%3Ftimestamp%3D20210706193855,9788970508931
게임서비스와 법,김윤명,경인문화사,2014-06-20,https://search1.kakaocdn.net/thumb/R120x174.q85/?fname=http%3A%2F%2Ft1.daumcdn.net%2Flbook%2Fimage%2F619302%3Ftimestamp%3D20210108142911,9788949910246
인공지능 비즈니스 트렌드,테크니들,와이즈맵,2019-07-10,https://search1.kakaocdn.net/thumb/R120x174.q85/?fname=http%3A%2F%2Ft1.daumcdn.net%2Flbook%2Fimage%2F4990001%3Ftimestamp%3D20210702154254,9791189328160
소프트웨어 장인(로버트 C. 마틴 시리즈),산드로 만쿠소,길벗,2015-09-25,https://search1.kakaocdn.net/thumb/R120x174.q85/?fname=http%3A%2F%2Ft1.daumcdn.net%2Flbook%2Fimage%2F1633934%3Ftimestamp%3D20210706193409,9791186659489
파이썬으로 시작하는 컴퓨터 과학 입문,존 M 젤,인사이트,2017-08-18,https://search1.kakaocdn.net/thumb/R120x174.q85/?fname=http%3A%2F%2Ft1.daumcdn.net%2Flbook%2Fimage%2F927069%3Ftimestamp%3D20210611141702,9788966264087
조엘 온 소프트웨어,조엘 스폴스키,에이콘출판,2005-04-15,https://search1.kakaocdn.net/thumb/R120x174.q85/?fname=http%3A%2F%2Ft1.daumcdn.net%2Flbook%2Fimage%2F1312625%3Ftimestamp%3D20210706191159,9788989975588
코딩 인터뷰 완전 분석,게일 라크만 맥도웰,인사이트,2012-08-20,https://search1.kakaocdn.net/thumb/R120x174.q85/?fname=http%3A%2F%2Ft1.daumcdn.net%2Flbook%2Fimage%2F927012%3Ftimestamp%3D20210706192937,9788966260485
조엘 온 소프트웨어,조엘 스폴스키,에이콘출판,2005-04-15,https://search1.kakaocdn.net/thumb/R120x174.q85/?fname=http%3A%2F%2Ft1.daumcdn.net%2Flbook%2Fimage%2F1312625%3Ftimestamp%3D20210706191159,9788989975588
게임 엔진 블랙 북: 울펜슈타인 3D,파비앙 상글라르,한빛미디어,2020-10-30,https://search1.kakaocdn.net/thumb/R120x174.q85/?fname=http%3A%2F%2Ft1.daumcdn.net%2Flbook%2Fimage%2F5501874%3Ftimestamp%3D20210702152919,9791162243299
스위프트 프로그래밍: Swift 5(3판),야곰,한빛미디어,2019-10-01,https://search1.kakaocdn.net/thumb/R120x174.q85/?fname=http%3A%2F%2Ft1.daumcdn.net%2Flbook%2Fimage%2F5081102%3Ftimestamp%3D20210706194429,9791162242223
아프니까 청춘이다,김난도,쌤앤파커스,2010-12-24,https://search1.kakaocdn.net/thumb/R120x174.q85/?fname=http%3A%2F%2Ft1.daumcdn.net%2Flbook%2Fimage%2F918576%3Ftimestamp%3D20210706192719,9788965700036
스위프트 프로그래밍: Swift 5(3판),야곰,한빛미디어,2019-10-01,https://search1.kakaocdn.net/thumb/R120x174.q85/?fname=http%3A%2F%2Ft1.daumcdn.net%2Flbook%2Fimage%2F5081102%3Ftimestamp%3D20210706194429,9791162242223
Do it! 웹 사이트 기획 입문,이정원,이지스퍼블리싱,2017-08-29,https://search1.kakaocdn.net/thumb/R120x174.q85/?fname=http%3A%2F%2Ft1.daumcdn.net%2Flbook%2Fimage%2F1639117%3Ftimestamp%3D20210706193435,9791187370987
스위프트 프로그래밍: Swift 5(3판),야곰,한빛미디어,2019-10-01,https://search1.kakaocdn.net/thumb/R120x174.q85/?fname=http%3A%2F%2Ft1.daumcdn.net%2Flbook%2Fimage%2F5081102%3Ftimestamp%3D20210706194429,9791162242223
우지은의 힐링 보이스,우지은,더블유북스,2020-04-30,https://search1.kakaocdn.net/thumb/R120x174.q85/?fname=http%3A%2F%2Ft1.daumcdn.net%2Flbook%2Fimage%2F5367327%3Ftimestamp%3D20210706194034,9791197028885
클라이언트-서버 웹 앱 만들기,캐지미어 새터노스,한빛미디어,2014-10-30,https://search1.kakaocdn.net/thumb/R120x174.q85/?fname=http%3A%2F%2Ft1.daumcdn.net%2Flbook%2Fimage%2F945183%3Ftimestamp%3D20210103150009,9788968481345
모던 자바스크립트 Deep Dive(위키북스 프로그래밍 & 프랙티스 시리즈 26),이웅모,위키북스,2020-09-25,https://search1.kakaocdn.net/thumb/R120x174.q85/?fname=http%3A%2F%2Ft1.daumcdn.net%2Flbook%2Fimage%2F5477653%3Ftimestamp%3D20210706194027,9791158392239
스윗한 SwiftUI,이봉원,비제이퍼블릭,2020-04-17,https://search1.kakaocdn.net/thumb/R120x174.q85/?fname=http%3A%2F%2Ft1.daumcdn.net%2Flbook%2Fimage%2F5340327%3Ftimestamp%3D20210705180431,9791190014816
SwiftUI 기반의 iOS 프로그래밍(핵심만 골라 배우는)(아이러브 모바일 38),닐 스미스,제이펍,2020-03-16,https://search1.kakaocdn.net/thumb/R120x174.q85/?fname=http%3A%2F%2Ft1.daumcdn.net%2Flbook%2Fimage%2F5265272%3Ftimestamp%3D20210706191508,9791190665025
모던 자바스크립트 Deep Dive(위키북스 프로그래밍 & 프랙티스 시리즈 26),이웅모,위키북스,2020-09-25,https://search1.kakaocdn.net/thumb/R120x174.q85/?fname=http%3A%2F%2Ft1.daumcdn.net%2Flbook%2Fimage%2F5477653%3Ftimestamp%3D20210706194027,9791158392239
SwiftUI 기반의 iOS 프로그래밍(핵심만 골라 배우는)(아이러브 모바일 38),닐 스미스,제이펍,2020-03-16,https://search1.kakaocdn.net/thumb/R120x174.q85/?fname=http%3A%2F%2Ft1.daumcdn.net%2Flbook%2Fimage%2F5265272%3Ftimestamp%3D20210706191508,9791190665025
생활코딩! HTML+CSS+자바스크립트(위키북스 러닝스쿨 시리즈 3),이고잉,위키북스,2019-01-15,https://search1.kakaocdn.net/thumb/R120x174.q85/?fname=http%3A%2F%2Ft1.daumcdn.net%2Flbook%2Fimage%2F4851751%3Ftimestamp%3D20210706194907,9791158391331
자바 스크립트(거침없이 배우는),데이비드 소이어 맥파랜드,지앤선,2010-10-04,https://search1.kakaocdn.net/thumb/R120x174.q85/?fname=http%3A%2F%2Ft1.daumcdn.net%2Flbook%2Fimage%2F1409836%3Ftimestamp%3D20190129212553,9788993827248
THE ART OF GAME DESIGN(에이콘 게임 개발 프로그래밍 시리즈 6),제시 셸,에이콘출판,2010-07-30,https://search1.kakaocdn.net/thumb/R120x174.q85/?fname=http%3A%2F%2Ft1.daumcdn.net%2Flbook%2Fimage%2F837773%3Ftimestamp%3D20210702153549,9788960771451
송쌤의 엔트리 게임 코딩 학교,송상수,제이펍,2019-05-16,https://search1.kakaocdn.net/thumb/R120x174.q85/?fname=http%3A%2F%2Ft1.daumcdn.net%2Flbook%2Fimage%2F4939058%3Ftimestamp%3D20210706195133,9791188621576
소프트웨어 개념 사전(코딩책과 함께 보는)(궁리 IT's story 시리즈),김현정,궁리,2019-07-12,https://search1.kakaocdn.net/thumb/R120x174.q85/?fname=http%3A%2F%2Ft1.daumcdn.net%2Flbook%2Fimage%2F4992306%3Ftimestamp%3D20210706194837,9788958205951
아티스트 웨이(개정판),줄리아 카메론,경당,2017-01-30,https://search1.kakaocdn.net/thumb/R120x174.q85/?fname=http%3A%2F%2Ft1.daumcdn.net%2Flbook%2Fimage%2F1237023%3Ftimestamp%3D20210706195113,9788986377453
송쌤의 엔트리 게임 코딩 학교,송상수,제이펍,2019-05-16,https://search1.kakaocdn.net/thumb/R120x174.q85/?fname=http%3A%2F%2Ft1.daumcdn.net%2Flbook%2Fimage%2F4939058%3Ftimestamp%3D20210706195133,9791188621576
직장인을 위한 실무 엑셀(개정판),선양미,길벗,2019-03-04,https://search1.kakaocdn.net/thumb/R120x174.q85/?fname=http%3A%2F%2Ft1.daumcdn.net%2Flbook%2Fimage%2F1594147%3Ftimestamp%3D20210706193455,9791160500790
직장인을 위한 실무 엑셀(개정판),선양미,길벗,2019-03-04,https://search1.kakaocdn.net/thumb/R120x174.q85/?fname=http%3A%2F%2Ft1.daumcdn.net%2Flbook%2Fimage%2F1594147%3Ftimestamp%3D20210706193455,9791160500790
2030 대담한 미래. 2(양장본 HardCover),최윤식,지식노마드,2014-08-25,https://search1.kakaocdn.net/thumb/R120x174.q85/?fname=http%3A%2F%2Ft1.daumcdn.net%2Flbook%2Fimage%2F1402681%3Ftimestamp%3D20210701151450,9788993322637
부트스트랩 사용자 가이드(간편한 웹 애플리케이션 개발을 위한),이동팔,지앤선,2014-05-08,https://search1.kakaocdn.net/thumb/R120x174.q85/?fname=http%3A%2F%2Ft1.daumcdn.net%2Flbook%2Fimage%2F1402037%3Ftimestamp%3D20210610160928,9788993827828
안드로이드 앱 프로그래밍(Do it!)(전면개정판 5판),정재곤,이지스퍼블리싱,2018-02-09,https://search1.kakaocdn.net/thumb/R120x174.q85/?fname=http%3A%2F%2Ft1.daumcdn.net%2Flbook%2Fimage%2F1648261%3Ftimestamp%3D20200717133418,9791188612833
Do it! 리액트 프로그래밍 정석,박호준,이지스퍼블리싱,2020-02-07,https://search1.kakaocdn.net/thumb/R120x174.q85/?fname=http%3A%2F%2Ft1.daumcdn.net%2Flbook%2Fimage%2F5237693%3Ftimestamp%3D20210706194546,9791163031451
The 친절한 코틀린 앱 프로그래밍(정박사의 IT 책장 3),정재곤,책장,2021-01-20,https://search1.kakaocdn.net/thumb/R120x174.q85/?fname=http%3A%2F%2Ft1.daumcdn.net%2Flbook%2Fimage%2F5550980%3Ftimestamp%3D20210706194606,9791195418923
Effective Modern C++,Scott Meyers,,2014-12-12,https://search1.kakaocdn.net/thumb/R120x174.q85/?fname=http%3A%2F%2Ft1.daumcdn.net%2Flbook%2Fimage%2F5354286,9781491903995
나는 심플하게 말한다,이동우,다산북스,2019-08-13,https://search1.kakaocdn.net/thumb/R120x174.q85/?fname=http%3A%2F%2Ft1.daumcdn.net%2Flbook%2Fimage%2F5036350%3Ftimestamp%3D20210706194345,9791130623610
IT 전문가로 사는 법,장동인,한빛미디어,2016-11-30,https://search1.kakaocdn.net/thumb/R120x174.q85/?fname=http%3A%2F%2Ft1.daumcdn.net%2Flbook%2Fimage%2F943402%3Ftimestamp%3D20210103144912,9788968484711
도널드 노먼의 UX 디자인 특강,도널드 노먼,유엑스리뷰(UX REVIEW),2018-04-05,https://search1.kakaocdn.net/thumb/R120x174.q85/?fname=http%3A%2F%2Ft1.daumcdn.net%2Flbook%2Fimage%2F1648450%3Ftimestamp%3D20210706194312,9791188314027
Data-Driven UX,포그리트,포그리트,2019-03-08,https://search1.kakaocdn.net/thumb/R120x174.q85/?fname=http%3A%2F%2Ft1.daumcdn.net%2Flbook%2Fimage%2F4915966%3Ftimestamp%3D20210706195139,9791196342807
모바일 UI/UX 디자인 실무(IT CookBook 237),이영주,한빛아카데미,2018-07-09,https://search1.kakaocdn.net/thumb/R120x174.q85/?fname=http%3A%2F%2Ft1.daumcdn.net%2Flbook%2Fimage%2F1569693%3Ftimestamp%3D20210706192516,9791156644088
은하수를 여행하는 히치하이커를 위한 안내서(합본),더글러스 애덤스,책세상,2005-12-20,https://search1.kakaocdn.net/thumb/R120x174.q85/?fname=http%3A%2F%2Ft1.daumcdn.net%2Flbook%2Fimage%2F955342%3Ftimestamp%3D20210706193709,9788970135472
은하수를 여행하는 히치하이커를 위한 안내서 2,더글러스 애덤스,책세상,2004-12-20,https://search1.kakaocdn.net/thumb/R120x174.q85/?fname=http%3A%2F%2Ft1.daumcdn.net%2Flbook%2Fimage%2F953921%3Ftimestamp%3D20210706191220,9788970134802
퍼펙트 루비 온 레일즈,야마다 요시히로,제이펍,2015-11-30,https://search1.kakaocdn.net/thumb/R120x174.q85/?fname=http%3A%2F%2Ft1.daumcdn.net%2Flbook%2Fimage%2F1627213%3Ftimestamp%3D20210706193502,9791185890326
이득우의 언리얼 C++ 게임 개발의 정석,이득우,에이콘출판,2018-10-26,https://search1.kakaocdn.net/thumb/R120x174.q85/?fname=http%3A%2F%2Ft1.daumcdn.net%2Flbook%2Fimage%2F3779501%3Ftimestamp%3D20210706194839,9791161752204
IT 아키텍트가 하지 말아야 할 128가지,니케이시스템즈,로드북,2012-03-15,https://search1.kakaocdn.net/thumb/R120x174.q85/?fname=http%3A%2F%2Ft1.daumcdn.net%2Flbook%2Fimage%2F1473437%3Ftimestamp%3D20210514152937,9788996659884
은하수를 여행하는 히치하이커를 위한 안내서 5,더글러스 애덤스,책세상,2005-01-15,https://search1.kakaocdn.net/thumb/R120x174.q85/?fname=http%3A%2F%2Ft1.daumcdn.net%2Flbook%2Fimage%2F954697%3Ftimestamp%3D20210703182225,9788970134925
이펙티브 자바 3/E,조슈아 블로크,인사이트,2018-11-01,https://search1.kakaocdn.net/thumb/R120x174.q85/?fname=http%3A%2F%2Ft1.daumcdn.net%2Flbook%2Fimage%2F3782516%3Ftimestamp%3D20210706194813,9788966262281
은하수를 여행하는 히치하이커를 위한 안내서 3,더글러스 애덤스,책세상,2004-12-25,https://search1.kakaocdn.net/thumb/R120x174.q85/?fname=http%3A%2F%2Ft1.daumcdn.net%2Flbook%2Fimage%2F954689%3Ftimestamp%3D20210702152114,9788970134819
착한 수학(Good Math),마크 추 캐롤,지앤선,2014-10-13,https://search1.kakaocdn.net/thumb/R120x174.q85/?fname=http%3A%2F%2Ft1.daumcdn.net%2Flbook%2Fimage%2F1403872%3Ftimestamp%3D20210513155134,9788993827866
이득우의 언리얼 C++ 게임 개발의 정석,이득우,에이콘출판,2018-10-26,https://search1.kakaocdn.net/thumb/R120x174.q85/?fname=http%3A%2F%2Ft1.daumcdn.net%2Flbook%2Fimage%2F3779501%3Ftimestamp%3D20210706194839,9791161752204
은하수를 여행하는 히치하이커를 위한 안내서 4,더글러스 애덤스,책세상,2005-01-15,https://search1.kakaocdn.net/thumb/R120x174.q85/?fname=http%3A%2F%2Ft1.daumcdn.net%2Flbook%2Fimage%2F955295%3Ftimestamp%3D20210702152255,9788970134918
코틀린 동시성 프로그래밍(프로그래밍 언어),미구엘 엔젤 카스티블랑코 토레스,에이콘출판,2020-05-29,https://search1.kakaocdn.net/thumb/R120x174.q85/?fname=http%3A%2F%2Ft1.daumcdn.net%2Flbook%2Fimage%2F5375292%3Ftimestamp%3D20210706191642,9791161754222
Learning PHP MySQL JavaScript CSS(한국어판)(2판)(에이콘 웹 프로페셔널...,로빈 닉슨,에이콘출판,2013-06-28,https://search1.kakaocdn.net/thumb/R120x174.q85/?fname=http%3A%2F%2Ft1.daumcdn.net%2Flbook%2Fimage%2F839333%3Ftimestamp%3D20200606141402,9788960774421
시스코 네트워킹(후니의 쉽게 쓴)(개정증보판 4판),진강훈,성안당,2020-03-16,https://search1.kakaocdn.net/thumb/R120x174.q85/?fname=http%3A%2F%2Ft1.daumcdn.net%2Flbook%2Fimage%2F5270631%3Ftimestamp%3D20210706193955,9788931589191
거의 모든 IT의 역사,정지훈,메디치미디어,2010-12-07,https://search1.kakaocdn.net/thumb/R120x174.q85/?fname=http%3A%2F%2Ft1.daumcdn.net%2Flbook%2Fimage%2F1425802%3Ftimestamp%3D20210427144200,9788994612034
처음부터 제대로 배우는 라라벨,맷 스타우퍼,한빛미디어,2020-12-04,https://search1.kakaocdn.net/thumb/R120x174.q85/?fname=http%3A%2F%2Ft1.daumcdn.net%2Flbook%2Fimage%2F5527803%3Ftimestamp%3D20210705180601,9791162243688
거의 모든 IT의 역사(10주년 기념 스페셜 에디션),정지훈,메디치미디어,2020-11-30,https://search1.kakaocdn.net/thumb/R120x174.q85/?fname=http%3A%2F%2Ft1.daumcdn.net%2Flbook%2Fimage%2F5531886%3Ftimestamp%3D20210706191737,9791157062157
비주얼 씽킹(누구나 할 수 있는 정진호의),정진호,한빛미디어,2015-06-05,https://search1.kakaocdn.net/thumb/R120x174.q85/?fname=http%3A%2F%2Ft1.daumcdn.net%2Flbook%2Fimage%2F945976%3Ftimestamp%3D20210706191418,9788968481987
오래된 비밀,이서윤,이다미디어,2013-02-28,https://search1.kakaocdn.net/thumb/R120x174.q85/?fname=http%3A%2F%2Ft1.daumcdn.net%2Flbook%2Fimage%2F1426303%3Ftimestamp%3D20210706194336,9788994597133
IT 인프라시대의 대한민국 IT,김수보,재승출판,2015-03-05,https://search1.kakaocdn.net/thumb/R120x174.q85/?fname=http%3A%2F%2Ft1.daumcdn.net%2Flbook%2Fimage%2F1412384%3Ftimestamp%3D20200722134158,9788994217635
Boot Spring Boot!: 한 권으로 정리하는 스프링 부트 A to Z,김지헌,지앤선,2018-07-31,https://search1.kakaocdn.net/thumb/R120x174.q85/?fname=http%3A%2F%2Ft1.daumcdn.net%2Flbook%2Fimage%2F1647860%3Ftimestamp%3D20210417142622,9791187497158
노동 4.0(북저널리즘 19),이명호,스리체어스,2018-05-09,https://search1.kakaocdn.net/thumb/R120x174.q85/?fname=http%3A%2F%2Ft1.daumcdn.net%2Flbook%2Fimage%2F1642326%3Ftimestamp%3D20210628134041,9791186984277
IT 인프라시대의 대한민국 IT,김수보,재승출판,2015-03-05,https://search1.kakaocdn.net/thumb/R120x174.q85/?fname=http%3A%2F%2Ft1.daumcdn.net%2Flbook%2Fimage%2F1412384%3Ftimestamp%3D20200722134158,9788994217635
정석용의 TCP IP 소켓 프로그래밍(열혈강의),정석용,프리렉,2009-09-10,https://search1.kakaocdn.net/thumb/R120x174.q85/?fname=http%3A%2F%2Ft1.daumcdn.net%2Flbook%2Fimage%2F1296467%3Ftimestamp%3D20190127165036,9788989345015
나만의 연설문을 써라,윤범기,필로소픽,2020-02-27,https://search1.kakaocdn.net/thumb/R120x174.q85/?fname=http%3A%2F%2Ft1.daumcdn.net%2Flbook%2Fimage%2F5241304%3Ftimestamp%3D20210706193852,9791157831692
브랜드 갭(개정증보판),마티 뉴마이어,알키,2016-03-20,https://search1.kakaocdn.net/thumb/R120x174.q85/?fname=http%3A%2F%2Ft1.daumcdn.net%2Flbook%2Fimage%2F647633%3Ftimestamp%3D20210705180242,9788952782007
마츠모토 유키히로의 프로그래밍 언어 만들기,마츠모토 유키히로,에이콘출판,2019-06-04,https://search1.kakaocdn.net/thumb/R120x174.q85/?fname=http%3A%2F%2Ft1.daumcdn.net%2Flbook%2Fimage%2F4955277%3Ftimestamp%3D20210705181244,9791161753010
Nginx HTTP 서버,끌레망 네델꾸,에이콘출판,2020-03-31,https://search1.kakaocdn.net/thumb/R120x174.q85/?fname=http%3A%2F%2Ft1.daumcdn.net%2Flbook%2Fimage%2F5324246%3Ftimestamp%3D20210706194007,9791161754017
자바스크립트는 왜 그 모양일까?,더글러스 크락포드,인사이트,2020-05-25,https://search1.kakaocdn.net/thumb/R120x174.q85/?fname=http%3A%2F%2Ft1.daumcdn.net%2Flbook%2Fimage%2F5370365%3Ftimestamp%3D20210706191556,9788966262595
TCP/IP가 보이는 그림책(개정증보판),ANK Co Ltd,성안당,2019-05-03,https://search1.kakaocdn.net/thumb/R120x174.q85/?fname=http%3A%2F%2Ft1.daumcdn.net%2Flbook%2Fimage%2F4940198%3Ftimestamp%3D20210706195108,9788931555868
Nginx HTTP 서버,끌레망 네델꾸,에이콘출판,2020-03-31,https://search1.kakaocdn.net/thumb/R120x174.q85/?fname=http%3A%2F%2Ft1.daumcdn.net%2Flbook%2Fimage%2F5324246%3Ftimestamp%3D20210706194007,9791161754017
미래를 바꾼 아홉 가지 알고리즘(acornLoft),존 맥코믹,에이콘출판,2013-05-31,https://search1.kakaocdn.net/thumb/R120x174.q85/?fname=http%3A%2F%2Ft1.daumcdn.net%2Flbook%2Fimage%2F840225%3Ftimestamp%3D20210706193605,9788960774384
현금흐름분석(15판),김명철,한국금융연수원,2020-11-27,https://search1.kakaocdn.net/thumb/R120x174.q85/?fname=http%3A%2F%2Ft1.daumcdn.net%2Flbook%2Fimage%2F5543137%3Ftimestamp%3D20210706191856,9788928726301
리얼월드 HTTP,시부카와 요시키,한빛미디어,2019-04-19,https://search1.kakaocdn.net/thumb/R120x174.q85/?fname=http%3A%2F%2Ft1.daumcdn.net%2Flbook%2Fimage%2F4920518%3Ftimestamp%3D20210706192914,9791162240908
HTML+CSS 웹 디자인 입문(러닝스쿨! 한 권으로 끝내는)(위키북스 러닝스쿨...,Mana,위키북스,2020-01-03,https://search1.kakaocdn.net/thumb/R120x174.q85/?fname=http%3A%2F%2Ft1.daumcdn.net%2Flbook%2Fimage%2F5158764%3Ftimestamp%3D20210705180722,9791158391782
오픈 소스로 미래를 연마하라,VM(비키) 브라수어,인사이트,2019-10-22,https://search1.kakaocdn.net/thumb/R120x174.q85/?fname=http%3A%2F%2Ft1.daumcdn.net%2Flbook%2Fimage%2F5097543%3Ftimestamp%3D20210706194458,9788966262519
유튜브 영상 편집을 위한 프리미어 프로,조블리,제이펍,2020-01-17,https://search1.kakaocdn.net/thumb/R120x174.q85/?fname=http%3A%2F%2Ft1.daumcdn.net%2Flbook%2Fimage%2F5175247%3Ftimestamp%3D20210706194425,9791188621811
유튜브 영상 편집을 위한 프리미어 프로,조블리,제이펍,2020-01-17,https://search1.kakaocdn.net/thumb/R120x174.q85/?fname=http%3A%2F%2Ft1.daumcdn.net%2Flbook%2Fimage%2F5175247%3Ftimestamp%3D20210706194425,9791188621811
디자인 씽킹 바이블,로저 마틴,유엑스리뷰(UX REVIEW),2018-01-22,https://search1.kakaocdn.net/thumb/R120x174.q85/?fname=http%3A%2F%2Ft1.daumcdn.net%2Flbook%2Fimage%2F1653422%3Ftimestamp%3D20210706193612,9791188314003
이산수학(컴퓨팅 사고력을 키우는)(개정판)(IT CookBook 210),박주미,한빛아카데미,2017-01-14,https://search1.kakaocdn.net/thumb/R120x174.q85/?fname=http%3A%2F%2Ft1.daumcdn.net%2Flbook%2Fimage%2F1568202%3Ftimestamp%3D20210706193515,9791156643050
이산수학(4차 산업혁명 시대의)(개정판),김대수,생능출판,2019-06-10,https://search1.kakaocdn.net/thumb/R120x174.q85/?fname=http%3A%2F%2Ft1.daumcdn.net%2Flbook%2Fimage%2F4970406%3Ftimestamp%3D20210706195153,9788970509808
처음 시작하는 아이패드 프로크리에이트 드로잉,오유,한스미디어,2020-02-11,https://search1.kakaocdn.net/thumb/R120x174.q85/?fname=http%3A%2F%2Ft1.daumcdn.net%2Flbook%2Fimage%2F5228620%3Ftimestamp%3D20210701150008,9791160074628
브루스 테이트의 세븐 랭귀지,브루스 테이트,한빛미디어,2015-05-01,https://search1.kakaocdn.net/thumb/R120x174.q85/?fname=http%3A%2F%2Ft1.daumcdn.net%2Flbook%2Fimage%2F943039%3Ftimestamp%3D20210706193855,9788968481857
30분 통계학,구라타 히로시,길벗,2018-10-20,https://search1.kakaocdn.net/thumb/R120x174.q85/?fname=http%3A%2F%2Ft1.daumcdn.net%2Flbook%2Fimage%2F3938171%3Ftimestamp%3D20210706192525,9791160505948
슬기로운 아이패드 생활(프로 일잘러를 위한),이지은(리지),천그루숲,2020-04-20,https://search1.kakaocdn.net/thumb/R120x174.q85/?fname=http%3A%2F%2Ft1.daumcdn.net%2Flbook%2Fimage%2F5341672%3Ftimestamp%3D20210706191545,9791188348633
브루스 테이트의 세븐 랭귀지,브루스 테이트,한빛미디어,2015-05-01,https://search1.kakaocdn.net/thumb/R120x174.q85/?fname=http%3A%2F%2Ft1.daumcdn.net%2Flbook%2Fimage%2F943039%3Ftimestamp%3D20210706193855,9788968481857
30분 통계학,구라타 히로시,길벗,2018-10-20,https://search1.kakaocdn.net/thumb/R120x174.q85/?fname=http%3A%2F%2Ft1.daumcdn.net%2Flbook%2Fimage%2F3938171%3Ftimestamp%3D20210706192525,9791160505948
프로크리에이트로 시작하는 아이패드 드로잉,허수정,책밥,2020-02-03,https://search1.kakaocdn.net/thumb/R120x174.q85/?fname=http%3A%2F%2Ft1.daumcdn.net%2Flbook%2Fimage%2F5222792%3Ftimestamp%3D20210706194532,9791196845391
토비의 스프링 3.1 Vol. 1: 스프링의 이해와 원리(에이콘 오픈소스...,이일민,에이콘출판,2012-09-21,https://search1.kakaocdn.net/thumb/R120x174.q85/?fname=http%3A%2F%2Ft1.daumcdn.net%2Flbook%2Fimage%2F839315%3Ftimestamp%3D20210706195127,9788960773417
이렇게 쉬운 통계학,혼마루 료,한빛미디어,2019-03-10,https://search1.kakaocdn.net/thumb/R120x174.q85/?fname=http%3A%2F%2Ft1.daumcdn.net%2Flbook%2Fimage%2F4897368%3Ftimestamp%3D20210706195054,9791162241509
알고리즘이 욕망하는 것들,에드 핀,한빛미디어,2019-03-29,https://search1.kakaocdn.net/thumb/R120x174.q85/?fname=http%3A%2F%2Ft1.daumcdn.net%2Flbook%2Fimage%2F4910045%3Ftimestamp%3D20210703183748,9791162241660
이렇게 쉬운 통계학,혼마루 료,한빛미디어,2019-03-10,https://search1.kakaocdn.net/thumb/R120x174.q85/?fname=http%3A%2F%2Ft1.daumcdn.net%2Flbook%2Fimage%2F4897368%3Ftimestamp%3D20210706195054,9791162241509
토비의 스프링 3.1 Vol. 2: 스프링의 기술과 선택(에이콘 오픈소스...,이일민,에이콘출판,2012-09-21,https://search1.kakaocdn.net/thumb/R120x174.q85/?fname=http%3A%2F%2Ft1.daumcdn.net%2Flbook%2Fimage%2F837881%3Ftimestamp%3D20210703183817,9788960773424
딥러닝을 위한 선형대수학,길버트 스트랭,한빛아카데미,2020-08-05,https://search1.kakaocdn.net/thumb/R120x174.q85/?fname=http%3A%2F%2Ft1.daumcdn.net%2Flbook%2Fimage%2F5440226%3Ftimestamp%3D20210706194121,9791156644972
딥러닝을 위한 선형대수학,길버트 스트랭,한빛아카데미,2020-08-05,https://search1.kakaocdn.net/thumb/R120x174.q85/?fname=http%3A%2F%2Ft1.daumcdn.net%2Flbook%2Fimage%2F5440226%3Ftimestamp%3D20210706194121,9791156644972
토비의 스프링 3.1 Vol. 2: 스프링의 기술과 선택(에이콘 오픈소스...,이일민,에이콘출판,2012-09-21,https://search1.kakaocdn.net/thumb/R120x174.q85/?fname=http%3A%2F%2Ft1.daumcdn.net%2Flbook%2Fimage%2F837881%3Ftimestamp%3D20210703183817,9788960773424
모두의 인공지능 기초 수학,서지영,길벗,2020-08-06,https://search1.kakaocdn.net/thumb/R120x174.q85/?fname=http%3A%2F%2Ft1.daumcdn.net%2Flbook%2Fimage%2F5429211%3Ftimestamp%3D20210706194103,9791165212353
위기의 한국사회 진단,견진만,윤성사,2017-03-27,https://search1.kakaocdn.net/thumb/R120x174.q85/?fname=http%3A%2F%2Ft1.daumcdn.net%2Flbook%2Fimage%2F1663174%3Ftimestamp%3D20200124131501,9791196019013
공정하다는 착각,마이클 샌델,와이즈베리,2020-12-01,https://search1.kakaocdn.net/thumb/R120x174.q85/?fname=http%3A%2F%2Ft1.daumcdn.net%2Flbook%2Fimage%2F5506904%3Ftimestamp%3D20210706194147,9791164136452
엔트로피,제레미 리프킨,세종연구원,2007-02-28,https://search1.kakaocdn.net/thumb/R120x174.q85/?fname=http%3A%2F%2Ft1.daumcdn.net%2Flbook%2Fimage%2F1241439%3Ftimestamp%3D20200503120908,9788986698299
파워 코딩 C CONCEPT,배영승,박문각,2005-06-30,https://search1.kakaocdn.net/thumb/R120x174.q85/?fname=http%3A%2F%2Ft1.daumcdn.net%2Flbook%2Fimage%2F572947%3Ftimestamp%3D20190123205735,9788941463092
미적분(누구나 쉽게 배우는),히사시 요코타,Gbrain(지브레인),2012-08-08,https://search1.kakaocdn.net/thumb/R120x174.q85/?fname=http%3A%2F%2Ft1.daumcdn.net%2Flbook%2Fimage%2F814755%3Ftimestamp%3D20210701150901,9788959792696
파이썬으로 배우는 통계학 교과서,바바 신야,한빛미디어,2019-11-22,https://search1.kakaocdn.net/thumb/R120x174.q85/?fname=http%3A%2F%2Ft1.daumcdn.net%2Flbook%2Fimage%2F5138123%3Ftimestamp%3D20210706194456,9791162242452
코드로 배우는 스프링 웹 프로젝트,구멍가게 코딩단,남가람북스,2015-08-16,https://search1.kakaocdn.net/thumb/R120x174.q85/?fname=http%3A%2F%2Ft1.daumcdn.net%2Flbook%2Fimage%2F1658417%3Ftimestamp%3D20190131142856,9791195484522
한눈에 보이는 무료 글꼴 가이드: 영어편,탁연상,DigitalNew,2020-06-01,https://search1.kakaocdn.net/thumb/R120x174.q85/?fname=http%3A%2F%2Ft1.daumcdn.net%2Flbook%2Fimage%2F5361111%3Ftimestamp%3D20210703182540,9791195982394
파이썬으로 배우는 통계학 교과서,바바 신야,한빛미디어,2019-11-22,https://search1.kakaocdn.net/thumb/R120x174.q85/?fname=http%3A%2F%2Ft1.daumcdn.net%2Flbook%2Fimage%2F5138123%3Ftimestamp%3D20210706194456,9791162242452
무료 글꼴 가이드: 한글편(한눈에 보이는),탁연상,상상하라출판사,2020-02-01,https://search1.kakaocdn.net/thumb/R120x174.q85/?fname=http%3A%2F%2Ft1.daumcdn.net%2Flbook%2Fimage%2F5227805%3Ftimestamp%3D20210630145155,9791195982387
뉴노멀의 철학(코로나 팬데믹 시리즈 2),김재인,동아시아,2020-07-31,https://search1.kakaocdn.net/thumb/R120x174.q85/?fname=http%3A%2F%2Ft1.daumcdn.net%2Flbook%2Fimage%2F5440756%3Ftimestamp%3D20210706191716,9788962623406
인생은 지름길이 없다(양장본 HardCover),스웨이,정민미디어,2019-09-01,https://search1.kakaocdn.net/thumb/R120x174.q85/?fname=http%3A%2F%2Ft1.daumcdn.net%2Flbook%2Fimage%2F5062945%3Ftimestamp%3D20210706194445,9791186276686
C언어의 정석,남궁성,도우출판,2016-08-25,https://search1.kakaocdn.net/thumb/R120x174.q85/?fname=http%3A%2F%2Ft1.daumcdn.net%2Flbook%2Fimage%2F1444186%3Ftimestamp%3D20210706193508,9788995379479
HTML5+CSS3 입문(모던 웹 디자인을 위한)(개정판),윤인성,한빛미디어,2015-01-21,https://search1.kakaocdn.net/thumb/R120x174.q85/?fname=http%3A%2F%2Ft1.daumcdn.net%2Flbook%2Fimage%2F945208%3Ftimestamp%3D20210103145211,9788968481611
C# 4.0 프로그래밍(뇌를 자극하는),박상현,한빛미디어,2011-08-30,https://search1.kakaocdn.net/thumb/R120x174.q85/?fname=http%3A%2F%2Ft1.daumcdn.net%2Flbook%2Fimage%2F1103452%3Ftimestamp%3D20210621134500,9788979148510
C++ Programming(명품)(CD1장포함),황기태,생능출판,2013-07-26,https://search1.kakaocdn.net/thumb/R120x174.q85/?fname=http%3A%2F%2Ft1.daumcdn.net%2Flbook%2Fimage%2F961576%3Ftimestamp%3D20200408132139,9788970507835
나는 간호사 사람입니다,김현아,쌤앤파커스,2018-04-09,https://search1.kakaocdn.net/thumb/R120x174.q85/?fname=http%3A%2F%2Ft1.daumcdn.net%2Flbook%2Fimage%2F918642%3Ftimestamp%3D20210706194234,9788965706137
과학하는 마음(히라타 오리자 희곡집 2),히라타 오리자,현암사,2013-05-24,https://search1.kakaocdn.net/thumb/R120x174.q85/?fname=http%3A%2F%2Ft1.daumcdn.net%2Flbook%2Fimage%2F501713%3Ftimestamp%3D20210630145454,9788932316628
C++로 시작하는 객체지향 프로그래밍(3판),Liang Y Daniel,ITC,2016-08-31,https://search1.kakaocdn.net/thumb/R120x174.q85/?fname=http%3A%2F%2Ft1.daumcdn.net%2Flbook%2Fimage%2F885302%3Ftimestamp%3D20210706193435,9788963510552
판매전선 이상없다,체트 홈즈,흐름출판,2009-01-21,https://search1.kakaocdn.net/thumb/R120x174.q85/?fname=http%3A%2F%2Ft1.daumcdn.net%2Flbook%2Fimage%2F1329143%3Ftimestamp%3D20210129154244,9788990872555
수학 리부트(프로그래밍인사이트),강중빈,인사이트,2020-07-06,https://search1.kakaocdn.net/thumb/R120x174.q85/?fname=http%3A%2F%2Ft1.daumcdn.net%2Flbook%2Fimage%2F5400319%3Ftimestamp%3D20210706193115,9788966262625
일 잘하는 사람은 단순하게 말합니다,박소연,더퀘스트,2020-05-18,https://search1.kakaocdn.net/thumb/R120x174.q85/?fname=http%3A%2F%2Ft1.daumcdn.net%2Flbook%2Fimage%2F5368738%3Ftimestamp%3D20210706193951,9791165211387
C++로 시작하는 객체지향 프로그래밍(3판),Liang Y Daniel,ITC,2016-08-31,https://search1.kakaocdn.net/thumb/R120x174.q85/?fname=http%3A%2F%2Ft1.daumcdn.net%2Flbook%2Fimage%2F885302%3Ftimestamp%3D20210706193435,9788963510552
조직역량 핵심인재,이홍민,리드리드출판,2016-08-10,https://search1.kakaocdn.net/thumb/R120x174.q85/?fname=http%3A%2F%2Ft1.daumcdn.net%2Flbook%2Fimage%2F1007636%3Ftimestamp%3D20210626141100,9788972772675
보고서 작성 실무 강의,홍장표,한빛미디어,2019-10-30,https://search1.kakaocdn.net/thumb/R120x174.q85/?fname=http%3A%2F%2Ft1.daumcdn.net%2Flbook%2Fimage%2F5112129%3Ftimestamp%3D20210706194511,9791162242254
보고서 작성 실무 강의,홍장표,한빛미디어,2019-10-30,https://search1.kakaocdn.net/thumb/R120x174.q85/?fname=http%3A%2F%2Ft1.daumcdn.net%2Flbook%2Fimage%2F5112129%3Ftimestamp%3D20210706194511,9791162242254
보고서 작성 실무 강의,홍장표,한빛미디어,2019-10-30,https://search1.kakaocdn.net/thumb/R120x174.q85/?fname=http%3A%2F%2Ft1.daumcdn.net%2Flbook%2Fimage%2F5112129%3Ftimestamp%3D20210706194511,9791162242254
실전 IoT 네트워크 프로그래밍(acorn+PACKT 시리즈),피터 웨허,에이콘출판,2015-06-23,https://search1.kakaocdn.net/thumb/R120x174.q85/?fname=http%3A%2F%2Ft1.daumcdn.net%2Flbook%2Fimage%2F838086%3Ftimestamp%3D20210706191335,9788960777231
내 일을 바꾸는 업무 자동화,이태화,프리렉,2020-06-12,https://search1.kakaocdn.net/thumb/R120x174.q85/?fname=http%3A%2F%2Ft1.daumcdn.net%2Flbook%2Fimage%2F5384217%3Ftimestamp%3D20210705180520,9788965402749
지금의 뉴스(북저널리즘 33),박영흠,스리체어스,2019-02-07,https://search1.kakaocdn.net/thumb/R120x174.q85/?fname=http%3A%2F%2Ft1.daumcdn.net%2Flbook%2Fimage%2F4873758%3Ftimestamp%3D20210626142358,9791189864019
이것이 인공지능이다,김명락,슬로디미디어,2020-07-24,https://search1.kakaocdn.net/thumb/R120x174.q85/?fname=http%3A%2F%2Ft1.daumcdn.net%2Flbook%2Fimage%2F5421798%3Ftimestamp%3D20210706191548,9791188977529
C++ 기초 플러스(6판),Stephen Prata,성안당,2020-03-25,https://search1.kakaocdn.net/thumb/R120x174.q85/?fname=http%3A%2F%2Ft1.daumcdn.net%2Flbook%2Fimage%2F488174%3Ftimestamp%3D20210706193553,9788931555356
새로운 CSS 레이아웃(2판)(아름다운 웹사이트 만들기 시리즈 24),레이철 앤드루,웹액츄얼리코리아,2020-02-03,https://search1.kakaocdn.net/thumb/R120x174.q85/?fname=http%3A%2F%2Ft1.daumcdn.net%2Flbook%2Fimage%2F5218100%3Ftimestamp%3D20210702153414,9791185885223
여행의 이유,김영하,문학동네,2019-04-17,https://search1.kakaocdn.net/thumb/R120x174.q85/?fname=http%3A%2F%2Ft1.daumcdn.net%2Flbook%2Fimage%2F4920642%3Ftimestamp%3D20210706195115,9788954655972
수평 조직의 구조(북저널리즘 50),김성남,스리체어스,2020-05-18,https://search1.kakaocdn.net/thumb/R120x174.q85/?fname=http%3A%2F%2Ft1.daumcdn.net%2Flbook%2Fimage%2F5368426%3Ftimestamp%3D20210706191621,9791196989569
센서티브(양장본 HardCover),일자 샌드,다산지식하우스,2017-02-09,https://search1.kakaocdn.net/thumb/R120x174.q85/?fname=http%3A%2F%2Ft1.daumcdn.net%2Flbook%2Fimage%2F1532220%3Ftimestamp%3D20210706193400,9791130611099
C++ 기초 플러스(6판),Stephen Prata,성안당,2020-03-25,https://search1.kakaocdn.net/thumb/R120x174.q85/?fname=http%3A%2F%2Ft1.daumcdn.net%2Flbook%2Fimage%2F488174%3Ftimestamp%3D20210706193553,9788931555356
보통의 언어들(나를 숨 쉬게 하는)(양장본 HardCover),김이나,위즈덤하우스,2020-05-27,https://search1.kakaocdn.net/thumb/R120x174.q85/?fname=http%3A%2F%2Ft1.daumcdn.net%2Flbook%2Fimage%2F5373619%3Ftimestamp%3D20210706194031,9791190786355
Do it! HTML5+CSS3 웹 표준의 정석(2판),고경희,이지스퍼블리싱,2019-12-27,https://search1.kakaocdn.net/thumb/R120x174.q85/?fname=http%3A%2F%2Ft1.daumcdn.net%2Flbook%2Fimage%2F5165996%3Ftimestamp%3D20210706194523,9791163031291
세인트존스의 고전 100권 공부법,조한별,바다출판사,2016-02-15,https://search1.kakaocdn.net/thumb/R120x174.q85/?fname=http%3A%2F%2Ft1.daumcdn.net%2Flbook%2Fimage%2F716112%3Ftimestamp%3D20210629141551,9788955618174
한상기의 소셜미디어 특강(에이콘 소셜미디어 시리즈 19),한상기,에이콘출판,2014-06-27,https://search1.kakaocdn.net/thumb/R120x174.q85/?fname=http%3A%2F%2Ft1.daumcdn.net%2Flbook%2Fimage%2F839358%3Ftimestamp%3D20210630150641,9788960775701
파이썬 웹프로그래밍,김석훈,한빛미디어,2015-04-01,https://search1.kakaocdn.net/thumb/R120x174.q85/?fname=http%3A%2F%2Ft1.daumcdn.net%2Flbook%2Fimage%2F945973%3Ftimestamp%3D20210402151114,9788968481819
시스코 네트워킹(후니의 쉽게 쓴)(개정증보판 4판),진강훈,성안당,2020-03-16,https://search1.kakaocdn.net/thumb/R120x174.q85/?fname=http%3A%2F%2Ft1.daumcdn.net%2Flbook%2Fimage%2F5270631%3Ftimestamp%3D20210706193955,9788931589191
소프트웨어 공학의 모든 것,최은만,생능출판,2020-02-10,https://search1.kakaocdn.net/thumb/R120x174.q85/?fname=http%3A%2F%2Ft1.daumcdn.net%2Flbook%2Fimage%2F5236689%3Ftimestamp%3D20210706194557,9788970503646
서번트 리더십(양장본 HardCover),제임스 C. 헌터,시대의창,2011-05-09,https://search1.kakaocdn.net/thumb/R120x174.q85/?fname=http%3A%2F%2Ft1.daumcdn.net%2Flbook%2Fimage%2F803783%3Ftimestamp%3D20190125034024,9788959402083
연구개발도 예술이다(나남신서 467),김석기,나남,1996-06-10,,9788930034678
알고리즘 문제 해결 전략 세트(프로그래밍 대회에서 배우는)(전2권),구종만,인사이트,2012-11-01,https://search1.kakaocdn.net/thumb/R120x174.q85/?fname=http%3A%2F%2Ft1.daumcdn.net%2Flbook%2Fimage%2F927014%3Ftimestamp%3D20210706195113,9788966260546
데이터통신(3판),Behrouz A Forouzan,McGraw-Hill,2017-01-10,https://search1.kakaocdn.net/thumb/R120x174.q85/?fname=http%3A%2F%2Ft1.daumcdn.net%2Flbook%2Fimage%2F1543985%3Ftimestamp%3D20210703181602,9791132101222
데이터통신(3판),Behrouz A Forouzan,McGraw-Hill,2017-01-10,https://search1.kakaocdn.net/thumb/R120x174.q85/?fname=http%3A%2F%2Ft1.daumcdn.net%2Flbook%2Fimage%2F1543985%3Ftimestamp%3D20210703181602,9791132101222
뇌를 자극하는 윈도우즈 시스템 프로그래밍,윤성우,한빛미디어,2009-04-05,https://search1.kakaocdn.net/thumb/R120x174.q85/?fname=http%3A%2F%2Ft1.daumcdn.net%2Flbook%2Fimage%2F1102872%3Ftimestamp%3D20210706191126,9788979144611
Head First Design Patterns,에릭 프리먼,한빛미디어,2005-09-04,https://search1.kakaocdn.net/thumb/R120x174.q85/?fname=http%3A%2F%2Ft1.daumcdn.net%2Flbook%2Fimage%2F1103784%3Ftimestamp%3D20210706193729,9788979143409
프로그래밍 원리(뇌를 자극하는),한세경,한빛미디어,2007-09-15,https://search1.kakaocdn.net/thumb/R120x174.q85/?fname=http%3A%2F%2Ft1.daumcdn.net%2Flbook%2Fimage%2F1103111%3Ftimestamp%3D20201230144925,9788979145069
The C++ Programming Language(4판)(에이콘 프로그래밍 언어 시리즈),비야네 스트롭스트룹,에이콘출판,2016-01-04,https://search1.kakaocdn.net/thumb/R120x174.q85/?fname=http%3A%2F%2Ft1.daumcdn.net%2Flbook%2Fimage%2F840354%3Ftimestamp%3D20210705180122,9788960778092
The C++ Programming Language(4판)(에이콘 프로그래밍 언어 시리즈),비야네 스트롭스트룹,에이콘출판,2016-01-04,https://search1.kakaocdn.net/thumb/R120x174.q85/?fname=http%3A%2F%2Ft1.daumcdn.net%2Flbook%2Fimage%2F840354%3Ftimestamp%3D20210705180122,9788960778092
뇌를 자극하는 윈도우즈 시스템 프로그래밍,윤성우,한빛미디어,2009-04-05,https://search1.kakaocdn.net/thumb/R120x174.q85/?fname=http%3A%2F%2Ft1.daumcdn.net%2Flbook%2Fimage%2F1102872%3Ftimestamp%3D20210706191126,9788979144611
The C++ Programming Language(4판)(에이콘 프로그래밍 언어 시리즈),비야네 스트롭스트룹,에이콘출판,2016-01-04,https://search1.kakaocdn.net/thumb/R120x174.q85/?fname=http%3A%2F%2Ft1.daumcdn.net%2Flbook%2Fimage%2F840354%3Ftimestamp%3D20210705180122,9788960778092
The C++ Programming Language(4판)(에이콘 프로그래밍 언어 시리즈),비야네 스트롭스트룹,에이콘출판,2016-01-04,https://search1.kakaocdn.net/thumb/R120x174.q85/?fname=http%3A%2F%2Ft1.daumcdn.net%2Flbook%2Fimage%2F840354%3Ftimestamp%3D20210705180122,9788960778092
LINUX INTERNALS(CD-ROM 1장 포함),MOSHE BAR,테크북,2001-08-20,https://search1.kakaocdn.net/thumb/R120x174.q85/?fname=http%3A%2F%2Ft1.daumcdn.net%2Flbook%2Fimage%2F1296689%3Ftimestamp%3D20190127165218,9788989184379
Effective C++(3판),스콧 마이어스,Pearson,2011-11-01,https://search1.kakaocdn.net/thumb/R120x174.q85/?fname=http%3A%2F%2Ft1.daumcdn.net%2Flbook%2Fimage%2F593431%3Ftimestamp%3D20190123231354,9788945072078
엘레강트 오브젝트,Yegor Bugayenko,지앤선,2020-12-30,https://search1.kakaocdn.net/thumb/R120x174.q85/?fname=http%3A%2F%2Ft1.daumcdn.net%2Flbook%2Fimage%2F5544284%3Ftimestamp%3D20210706194324,9791187497219
4차 산업혁명 시대의 컴퓨터 개론(개정판 6판),김대수,생능출판,2017-12-05,https://search1.kakaocdn.net/thumb/R120x174.q85/?fname=http%3A%2F%2Ft1.daumcdn.net%2Flbook%2Fimage%2F961352%3Ftimestamp%3D20210512172848,9788970509334
객체지향의 사실과 오해(위키북스 IT Leaders 23),조영호,위키북스,2015-06-17,https://search1.kakaocdn.net/thumb/R120x174.q85/?fname=http%3A%2F%2Ft1.daumcdn.net%2Flbook%2Fimage%2F1502595%3Ftimestamp%3D20210706193848,9788998139766
이상한 나라의 경제학,이원재,어크로스,2012-02-20,https://search1.kakaocdn.net/thumb/R120x174.q85/?fname=http%3A%2F%2Ft1.daumcdn.net%2Flbook%2Fimage%2F1488717%3Ftimestamp%3D20210702154246,9788997379019
이러닝과 저작권(커뮤니케이션 이해 총서),김윤명,커뮤니케이션북스,2013-02-25,https://search1.kakaocdn.net/thumb/R120x174.q85/?fname=http%3A%2F%2Ft1.daumcdn.net%2Flbook%2Fimage%2F929698%3Ftimestamp%3D20210529141208,9788966801985
재미있는 임베디드 시스템 디자인,ARNOLD SBERGER,에이콘출판,2003-03-19,https://search1.kakaocdn.net/thumb/R120x174.q85/?fname=http%3A%2F%2Ft1.daumcdn.net%2Flbook%2Fimage%2F1669657%3Ftimestamp%3D20210103145036,9798989975112
큐레이션,스티븐 로젠바움,이코노믹북스,2019-09-16,https://search1.kakaocdn.net/thumb/R120x174.q85/?fname=http%3A%2F%2Ft1.daumcdn.net%2Flbook%2Fimage%2F5070245%3Ftimestamp%3D20210706192018,9788957752074
프로그래밍 패턴(위키북스 프로그래밍 & 프랙티스 시리즈 10),크리스티나 로페즈,위키북스,2015-07-21,https://search1.kakaocdn.net/thumb/R120x174.q85/?fname=http%3A%2F%2Ft1.daumcdn.net%2Flbook%2Fimage%2F1583235%3Ftimestamp%3D20210703181454,9791158390051
아비투스,도리스 메르틴,다산초당,2020-08-03,https://search1.kakaocdn.net/thumb/R120x174.q85/?fname=http%3A%2F%2Ft1.daumcdn.net%2Flbook%2Fimage%2F5433132%3Ftimestamp%3D20210706194135,9791130630762
Operating System Concepts,Silberschatz,Wiley,2013-05-01,https://search1.kakaocdn.net/thumb/R120x174.q85/?fname=http%3A%2F%2Ft1.daumcdn.net%2Flbook%2Fimage%2F3032499%3Ftimestamp%3D20190217091610,9781118093757
내 글이 구린 건 맞춤법 때문이 아니다,개리 프로보스트,행복한북클럽,2020-08-27,https://search1.kakaocdn.net/thumb/R120x174.q85/?fname=http%3A%2F%2Ft1.daumcdn.net%2Flbook%2Fimage%2F5449675%3Ftimestamp%3D20210706191718,9791189969356
디버깅을 통해 배우는 리눅스 커널의 구조와 원리. 1(위키북스 유닉스...,김동현,위키북스,2020-05-12,https://search1.kakaocdn.net/thumb/R120x174.q85/?fname=http%3A%2F%2Ft1.daumcdn.net%2Flbook%2Fimage%2F5356847%3Ftimestamp%3D20210706193942,9791158391980
센스 오브 원더,레이첼 카슨,에코리브르,2012-04-10,https://search1.kakaocdn.net/thumb/R120x174.q85/?fname=http%3A%2F%2Ft1.daumcdn.net%2Flbook%2Fimage%2F873079%3Ftimestamp%3D20210705181205,9788962630664
스페이스 브랜딩(북저널리즘 48),김주연,스리체어스,2020-03-09,https://search1.kakaocdn.net/thumb/R120x174.q85/?fname=http%3A%2F%2Ft1.daumcdn.net%2Flbook%2Fimage%2F5266944%3Ftimestamp%3D20210706193951,9791196970000
알고리즘 문제 해결 전략 세트(프로그래밍 대회에서 배우는)(전2권),구종만,인사이트,2012-11-01,https://search1.kakaocdn.net/thumb/R120x174.q85/?fname=http%3A%2F%2Ft1.daumcdn.net%2Flbook%2Fimage%2F927014%3Ftimestamp%3D20210706195113,9788966260546
함수형 자바스크립트 프로그래밍,유인동,인사이트,2017-11-24,https://search1.kakaocdn.net/thumb/R120x174.q85/?fname=http%3A%2F%2Ft1.daumcdn.net%2Flbook%2Fimage%2F927083%3Ftimestamp%3D20210706193642,9788966262120
OUT OF OUR MINDS - LEARNING TO BE CREATIVE 2E,Robinson Ken/ /,John Wiley & Sons Inc,2011-04-11,https://search1.kakaocdn.net/thumb/R120x174.q85/?fname=http%3A%2F%2Ft1.daumcdn.net%2Flbook%2Fimage%2F2675632%3Ftimestamp%3D20190215115833,9781907312472
리팩터링(2판),마틴 파울러,한빛미디어,2020-04-01,https://search1.kakaocdn.net/thumb/R120x174.q85/?fname=http%3A%2F%2Ft1.daumcdn.net%2Flbook%2Fimage%2F5326912%3Ftimestamp%3D20210706193859,9791162242742
알고리즘 문제 해결 전략 세트(프로그래밍 대회에서 배우는)(전2권),구종만,인사이트,2012-11-01,https://search1.kakaocdn.net/thumb/R120x174.q85/?fname=http%3A%2F%2Ft1.daumcdn.net%2Flbook%2Fimage%2F927014%3Ftimestamp%3D20210706195113,9788966260546
디버깅을 통해 배우는 리눅스 커널의 구조와 원리. 2(위키북스 유닉스...,김동현,위키북스,2020-05-12,https://search1.kakaocdn.net/thumb/R120x174.q85/?fname=http%3A%2F%2Ft1.daumcdn.net%2Flbook%2Fimage%2F5356840%3Ftimestamp%3D20210706194009,9791158391997
알고리즘 문제 해결 전략 세트(프로그래밍 대회에서 배우는)(전2권),구종만,인사이트,2012-11-01,https://search1.kakaocdn.net/thumb/R120x174.q85/?fname=http%3A%2F%2Ft1.daumcdn.net%2Flbook%2Fimage%2F927014%3Ftimestamp%3D20210706195113,9788966260546
과감한 전환,박용진,폴리테이아,2012-01-05,https://search1.kakaocdn.net/thumb/R120x174.q85/?fname=http%3A%2F%2Ft1.daumcdn.net%2Flbook%2Fimage%2F1386490%3Ftimestamp%3D20210701144304,9788992792295
알고리즘 문제 해결 전략 세트(프로그래밍 대회에서 배우는)(전2권),구종만,인사이트,2012-11-01,https://search1.kakaocdn.net/thumb/R120x174.q85/?fname=http%3A%2F%2Ft1.daumcdn.net%2Flbook%2Fimage%2F927014%3Ftimestamp%3D20210706195113,9788966260546
스트리밍 이후의 플랫폼(북저널리즘 51),노창희,스리체어스,2020-06-02,https://search1.kakaocdn.net/thumb/R120x174.q85/?fname=http%3A%2F%2Ft1.daumcdn.net%2Flbook%2Fimage%2F5385007%3Ftimestamp%3D20210706191656,9791196989590
실습과 그림으로 배우는 리눅스 구조,다케우치 사토루,한빛미디어,2019-02-20,https://search1.kakaocdn.net/thumb/R120x174.q85/?fname=http%3A%2F%2Ft1.daumcdn.net%2Flbook%2Fimage%2F4883625%3Ftimestamp%3D20210706195010,9791162241523
알고리즘 문제 해결 전략 세트(프로그래밍 대회에서 배우는)(전2권),구종만,인사이트,2012-11-01,https://search1.kakaocdn.net/thumb/R120x174.q85/?fname=http%3A%2F%2Ft1.daumcdn.net%2Flbook%2Fimage%2F927014%3Ftimestamp%3D20210706195113,9788966260546
알고리즘 문제 해결 전략 세트(프로그래밍 대회에서 배우는)(전2권),구종만,인사이트,2012-11-01,https://search1.kakaocdn.net/thumb/R120x174.q85/?fname=http%3A%2F%2Ft1.daumcdn.net%2Flbook%2Fimage%2F927014%3Ftimestamp%3D20210706195113,9788966260546
DDD Start!,최범균,지앤선,2016-05-27,https://search1.kakaocdn.net/thumb/R120x174.q85/?fname=http%3A%2F%2Ft1.daumcdn.net%2Flbook%2Fimage%2F1405948%3Ftimestamp%3D20210706193509,9788993827446
알고리즘 문제 해결 전략 세트(프로그래밍 대회에서 배우는)(전2권),구종만,인사이트,2012-11-01,https://search1.kakaocdn.net/thumb/R120x174.q85/?fname=http%3A%2F%2Ft1.daumcdn.net%2Flbook%2Fimage%2F927014%3Ftimestamp%3D20210706195113,9788966260546
소프트웨어 장인(로버트 C. 마틴 시리즈),산드로 만쿠소,길벗,2015-09-25,https://search1.kakaocdn.net/thumb/R120x174.q85/?fname=http%3A%2F%2Ft1.daumcdn.net%2Flbook%2Fimage%2F1633934%3Ftimestamp%3D20210706193409,9791186659489
저주받은 혁신의 아이콘: 제록스 팔로알토 연구소,마이클 A 힐트직,지식함지,2018-10-22,https://search1.kakaocdn.net/thumb/R120x174.q85/?fname=http%3A%2F%2Ft1.daumcdn.net%2Flbook%2Fimage%2F3943302%3Ftimestamp%3D20210706192542,9791189610005
기술복제시대의 예술작품 사진의 작은 역사 외(발터 벤야민 선집 2),발터 벤야민,길,2016-05-25,https://search1.kakaocdn.net/thumb/R120x174.q85/?fname=http%3A%2F%2Ft1.daumcdn.net%2Flbook%2Fimage%2F1260178%3Ftimestamp%3D20210706191142,9788987671826
룬샷,사피 바칼,흐름출판,2020-04-27,https://search1.kakaocdn.net/thumb/R120x174.q85/?fname=http%3A%2F%2Ft1.daumcdn.net%2Flbook%2Fimage%2F5353819%3Ftimestamp%3D20210706194023,9788965963790
시스템 프로그래밍(인텔 프로세서를 위한),조충호 외,생능,2004-03-10,https://search1.kakaocdn.net/thumb/R120x174.q85/?fname=http%3A%2F%2Ft1.daumcdn.net%2Flbook%2Fimage%2F960509%3Ftimestamp%3D20190126060231,9788970503806
언컨택트,김용섭,퍼블리온,2020-04-20,https://search1.kakaocdn.net/thumb/R120x174.q85/?fname=http%3A%2F%2Ft1.daumcdn.net%2Flbook%2Fimage%2F5349690%3Ftimestamp%3D20210706194042,9791197016806
스마트 코리아로 가는길 유라시안 네트워크,이민화,새물결,2010-10-17,https://search1.kakaocdn.net/thumb/R120x174.q85/?fname=http%3A%2F%2Ft1.daumcdn.net%2Flbook%2Fimage%2F713414%3Ftimestamp%3D20210610153545,9788955592993
SPACE: 우주를 향한 호기심과 궁금증,과학동아,동아사이언스,2019-06-28,https://search1.kakaocdn.net/thumb/R120x174.q85/?fname=http%3A%2F%2Ft1.daumcdn.net%2Flbook%2Fimage%2F4992285%3Ftimestamp%3D20210320145518,9788962867220
타인의 해석,말콤 글래드웰,김영사,2020-03-23,https://search1.kakaocdn.net/thumb/R120x174.q85/?fname=http%3A%2F%2Ft1.daumcdn.net%2Flbook%2Fimage%2F5265465%3Ftimestamp%3D20210706193953,9788934985747
제가 한번 읽어보겠습니다,한승혜,바틀비,2020-07-07,https://search1.kakaocdn.net/thumb/R120x174.q85/?fname=http%3A%2F%2Ft1.daumcdn.net%2Flbook%2Fimage%2F5414015%3Ftimestamp%3D20210706195323,9791197092602
알고리즘(뇌를 자극하는),박상현,한빛미디어,2009-09-15,https://search1.kakaocdn.net/thumb/R120x174.q85/?fname=http%3A%2F%2Ft1.daumcdn.net%2Flbook%2Fimage%2F1104126%3Ftimestamp%3D20210706193806,9788979146875
하버드 상위 1퍼센트의 비밀(리커버 에디션),정주영,한국경제신문,2018-10-17,https://search1.kakaocdn.net/thumb/R120x174.q85/?fname=http%3A%2F%2Ft1.daumcdn.net%2Flbook%2Fimage%2F3777609%3Ftimestamp%3D20210706193533,9788947544085
알고리즘(뇌를 자극하는),박상현,한빛미디어,2009-09-15,https://search1.kakaocdn.net/thumb/R120x174.q85/?fname=http%3A%2F%2Ft1.daumcdn.net%2Flbook%2Fimage%2F1104126%3Ftimestamp%3D20210706193806,9788979146875
창의공학설계(창의적 발상기법 기반의),정동명,생능,2008-02-25,https://search1.kakaocdn.net/thumb/R120x174.q85/?fname=http%3A%2F%2Ft1.daumcdn.net%2Flbook%2Fimage%2F961148%3Ftimestamp%3D20191221121558,9788970505893
21세기를 위한 21가지 제언,유발 하라리,김영사,2018-09-03,https://search1.kakaocdn.net/thumb/R120x174.q85/?fname=http%3A%2F%2Ft1.daumcdn.net%2Flbook%2Fimage%2F3750451%3Ftimestamp%3D20210706194832,9788934982975
통계적 사고,허명회,교우사,2006-03-02,https://search1.kakaocdn.net/thumb/R120x174.q85/?fname=http%3A%2F%2Ft1.daumcdn.net%2Flbook%2Fimage%2F1137406%3Ftimestamp%3D20200111124854,9788981725808
그렇게 물어보면 원하는 답을 들을 수 없습니다,김호,위즈덤하우스,2019-09-10,https://search1.kakaocdn.net/thumb/R120x174.q85/?fname=http%3A%2F%2Ft1.daumcdn.net%2Flbook%2Fimage%2F5069603%3Ftimestamp%3D20210706194424,9791190305297
그래서 하고 싶은 말이 뭔데? 라고 들었다(체험판),다케우치 가오루,청림출판,2018-09-17,https://search1.kakaocdn.net/thumb/R120x174.q85/?fname=http%3A%2F%2Ft1.daumcdn.net%2Flbook%2Fimage%2F4714100%3Ftimestamp%3D20190302070039,9788935212385
피터 드러커 자기경영노트(양장본 HardCover),피터 드러커,한국경제신문,2019-09-05,https://search1.kakaocdn.net/thumb/R120x174.q85/?fname=http%3A%2F%2Ft1.daumcdn.net%2Flbook%2Fimage%2F5060316%3Ftimestamp%3D20210706194359,9788947545143
정의란 무엇인가(마이클 샌델),마이클 샌델,와이즈베리,2014-11-20,https://search1.kakaocdn.net/thumb/R120x174.q85/?fname=http%3A%2F%2Ft1.daumcdn.net%2Flbook%2Fimage%2F545848%3Ftimestamp%3D20210706195457,9788937834790
지적 대화를 위한 넓고 얕은 지식: 제로 편,채사장,웨일북(whalebooks),2019-12-24,https://search1.kakaocdn.net/thumb/R120x174.q85/?fname=http%3A%2F%2Ft1.daumcdn.net%2Flbook%2Fimage%2F5145898%3Ftimestamp%3D20210706194335,9791190313131
지적 대화를 위한 넓고 얕은 지식. 1,채사장,웨일북(whalebooks),2020-02-05,https://search1.kakaocdn.net/thumb/R120x174.q85/?fname=http%3A%2F%2Ft1.daumcdn.net%2Flbook%2Fimage%2F5221724%3Ftimestamp%3D20210706194532,9791190313186
자바스크립트로 하는 자료 구조와 알고리즘(웹 프로페셔널),배세민,에이콘출판,2019-08-30,https://search1.kakaocdn.net/thumb/R120x174.q85/?fname=http%3A%2F%2Ft1.daumcdn.net%2Flbook%2Fimage%2F5054223%3Ftimestamp%3D20210706194411,9791161753447
리뷰의 기술(반양장),모리사키 슈지,제이펍,2014-06-12,https://search1.kakaocdn.net/thumb/R120x174.q85/?fname=http%3A%2F%2Ft1.daumcdn.net%2Flbook%2Fimage%2F1426088%3Ftimestamp%3D20210511143853,9788994506951
모두의 알고리즘 with 파이썬,이승찬,길벗,2017-05-18,https://search1.kakaocdn.net/thumb/R120x174.q85/?fname=http%3A%2F%2Ft1.daumcdn.net%2Flbook%2Fimage%2F1594572%3Ftimestamp%3D20210706193606,9791160501728
Maker Pro(메이커 프로),존 베이첼 (엮음),한빛미디어,2015-07-01,https://search1.kakaocdn.net/thumb/R120x174.q85/?fname=http%3A%2F%2Ft1.daumcdn.net%2Flbook%2Fimage%2F945977%3Ftimestamp%3D20210505182205,9788968482038
모두의 알고리즘 with 파이썬,이승찬,길벗,2017-05-18,https://search1.kakaocdn.net/thumb/R120x174.q85/?fname=http%3A%2F%2Ft1.daumcdn.net%2Flbook%2Fimage%2F1594572%3Ftimestamp%3D20210706193606,9791160501728
모두의 알고리즘 with 자바스크립트,스즈키 코이치,길벗,2018-12-25,https://search1.kakaocdn.net/thumb/R120x174.q85/?fname=http%3A%2F%2Ft1.daumcdn.net%2Flbook%2Fimage%2F4836595%3Ftimestamp%3D20210706194923,9791160506808
다시 쓸 수 있을까,테오도르 칼리파티데스,어크로스,2019-03-05,https://search1.kakaocdn.net/thumb/R120x174.q85/?fname=http%3A%2F%2Ft1.daumcdn.net%2Flbook%2Fimage%2F4895336%3Ftimestamp%3D20210531142354,9791196587376
지적 대화를 위한 넓고 얕은 지식. 2,채사장,웨일북(whalebooks),2020-02-05,https://search1.kakaocdn.net/thumb/R120x174.q85/?fname=http%3A%2F%2Ft1.daumcdn.net%2Flbook%2Fimage%2F5221650%3Ftimestamp%3D20210706194453,9791190313193
읽기만 하면 내 것이 되는 1페이지 철학 365,최훈,비에이블,2020-12-20,https://search1.kakaocdn.net/thumb/R120x174.q85/?fname=http%3A%2F%2Ft1.daumcdn.net%2Flbook%2Fimage%2F5544227%3Ftimestamp%3D20210706194333,9791190931281
리눅스 커널 심층분석(개정판 3판)(에이콘 임베디드 시스템프로그래밍 시리즈...,로버트 러브,에이콘출판,2012-08-06,https://search1.kakaocdn.net/thumb/R120x174.q85/?fname=http%3A%2F%2Ft1.daumcdn.net%2Flbook%2Fimage%2F839313%3Ftimestamp%3D20210702154146,9788960773318
데일 카네기 인간관계론,데일 카네기,현대지성,2019-10-07,https://search1.kakaocdn.net/thumb/R120x174.q85/?fname=http%3A%2F%2Ft1.daumcdn.net%2Flbook%2Fimage%2F5082004%3Ftimestamp%3D20210706194429,9791187142560
소프트웨어 개념 사전(코딩책과 함께 보는)(궁리 IT's story 시리즈),김현정,궁리,2019-07-12,https://search1.kakaocdn.net/thumb/R120x174.q85/?fname=http%3A%2F%2Ft1.daumcdn.net%2Flbook%2Fimage%2F4992306%3Ftimestamp%3D20210706194837,9788958205951
보이스 트레이닝,배윤희,시대인,2020-04-22,https://search1.kakaocdn.net/thumb/R120x174.q85/?fname=http%3A%2F%2Ft1.daumcdn.net%2Flbook%2Fimage%2F5347397%3Ftimestamp%3D20210706194021,9791125470069
코스모스(보급판),칼 세이건,사이언스북스,2010-01-20,https://search1.kakaocdn.net/thumb/R120x174.q85/?fname=http%3A%2F%2Ft1.daumcdn.net%2Flbook%2Fimage%2F1164431%3Ftimestamp%3D20210706193734,9788983711892
기계는 어떻게 생각하는가?,숀 게리시,이지스퍼블리싱,2019-12-27,https://search1.kakaocdn.net/thumb/R120x174.q85/?fname=http%3A%2F%2Ft1.daumcdn.net%2Flbook%2Fimage%2F5159642%3Ftimestamp%3D20210706194337,9791163031253
알고리즘 기초(5판),Richard E Neapolitan,도서출판 홍릉(홍릉과학출판사),2017-02-24,https://search1.kakaocdn.net/thumb/R120x174.q85/?fname=http%3A%2F%2Ft1.daumcdn.net%2Flbook%2Fimage%2F1555836%3Ftimestamp%3D20210706190703,9791156005032
Mano의 컴퓨터시스템구조(3판),M Morris Mano,프로텍미디어,2017-01-20,https://search1.kakaocdn.net/thumb/R120x174.q85/?fname=http%3A%2F%2Ft1.daumcdn.net%2Flbook%2Fimage%2F1659566%3Ftimestamp%3D20210706191408,9791195444977
Mano의 컴퓨터시스템구조(3판),M Morris Mano,프로텍미디어,2017-01-20,https://search1.kakaocdn.net/thumb/R120x174.q85/?fname=http%3A%2F%2Ft1.daumcdn.net%2Flbook%2Fimage%2F1659566%3Ftimestamp%3D20210706191408,9791195444977
3차원 창의력 개발법(이광형 교수의)(양장본 HardCover),이광형,비즈니스맵,2012-01-06,https://search1.kakaocdn.net/thumb/R120x174.q85/?fname=http%3A%2F%2Ft1.daumcdn.net%2Flbook%2Fimage%2F871204%3Ftimestamp%3D20200908145535,9788962603200
삼성의 임원은 어떻게 일하는가,김종원,넥서스BIZ,2014-02-15,https://search1.kakaocdn.net/thumb/R120x174.q85/?fname=http%3A%2F%2Ft1.daumcdn.net%2Flbook%2Fimage%2F1498900%3Ftimestamp%3D20210705181401,9788998454241
정보적 사고에서 인공 지능까지(swedu 10),김현철,한빛아카데미,2019-09-28,https://search1.kakaocdn.net/thumb/R120x174.q85/?fname=http%3A%2F%2Ft1.daumcdn.net%2Flbook%2Fimage%2F5083733%3Ftimestamp%3D20210704144339,9791156644545
재택근무 바이블(조코디의 G Suite를 이용한),조코디,디지털북스,2020-09-30,https://search1.kakaocdn.net/thumb/R120x174.q85/?fname=http%3A%2F%2Ft1.daumcdn.net%2Flbook%2Fimage%2F5478959%3Ftimestamp%3D20210706193950,9788960883550
나는 4시간만 일한다,팀 페리스,다른상상,2017-10-20,https://search1.kakaocdn.net/thumb/R120x174.q85/?fname=http%3A%2F%2Ft1.daumcdn.net%2Flbook%2Fimage%2F1620143%3Ftimestamp%3D20210706193607,9791185584454
보랏빛 소가 온다 2,세스 고딘,재인,2005-06-30,https://search1.kakaocdn.net/thumb/R120x174.q85/?fname=http%3A%2F%2Ft1.daumcdn.net%2Flbook%2Fimage%2F1342076%3Ftimestamp%3D20210706190910,9788990982117
알고리즘 기초(5판),Richard E Neapolitan,도서출판 홍릉(홍릉과학출판사),2017-02-24,https://search1.kakaocdn.net/thumb/R120x174.q85/?fname=http%3A%2F%2Ft1.daumcdn.net%2Flbook%2Fimage%2F1555836%3Ftimestamp%3D20210706190703,9791156005032
꿈꾸는 다락방(이지성의)(개정증보판)(양장본 HardCover),이지성,차이정원,2017-06-30,https://search1.kakaocdn.net/thumb/R120x174.q85/?fname=http%3A%2F%2Ft1.daumcdn.net%2Flbook%2Fimage%2F1611810%3Ftimestamp%3D20210706193544,9791185035956
게임으로 익히는 코딩 알고리즘,김영기,한빛미디어,2019-05-06,https://search1.kakaocdn.net/thumb/R120x174.q85/?fname=http%3A%2F%2Ft1.daumcdn.net%2Flbook%2Fimage%2F4936409%3Ftimestamp%3D20210705181133,9791162241615
프리-오픈소스 소프트웨어 혁명의 역사,크리스토퍼 토찌,지식함지,2019-12-12,https://search1.kakaocdn.net/thumb/R120x174.q85/?fname=http%3A%2F%2Ft1.daumcdn.net%2Flbook%2Fimage%2F5142673%3Ftimestamp%3D20210701145747,9791189610029
유닉스의 탄생,브라이언 커니핸,한빛미디어,2020-08-03,https://search1.kakaocdn.net/thumb/R120x174.q85/?fname=http%3A%2F%2Ft1.daumcdn.net%2Flbook%2Fimage%2F5423035%3Ftimestamp%3D20210706191517,9791162243282
종이에 원고를 담아 책으로 엮으면(인쇄용지 샘플북 VER.2) 세트(전4권),티피에이코리아,티피에이코리아,2020-07-10,https://search1.kakaocdn.net/thumb/R120x174.q85/?fname=http%3A%2F%2Ft1.daumcdn.net%2Flbook%2Fimage%2F5433537%3Ftimestamp%3D20210706191654,8809745930014
종이에 원고를 담아 책으로 엮으면(인쇄용지 샘플북 VER.2) 세트(전4권),티피에이코리아,티피에이코리아,2020-07-10,https://search1.kakaocdn.net/thumb/R120x174.q85/?fname=http%3A%2F%2Ft1.daumcdn.net%2Flbook%2Fimage%2F5433537%3Ftimestamp%3D20210706191654,8809745930014
종이에 원고를 담아 책으로 엮으면(인쇄용지 샘플북 VER.2) 세트(전4권),티피에이코리아,티피에이코리아,2020-07-10,https://search1.kakaocdn.net/thumb/R120x174.q85/?fname=http%3A%2F%2Ft1.daumcdn.net%2Flbook%2Fimage%2F5433537%3Ftimestamp%3D20210706191654,8809745930014
종이에 원고를 담아 책으로 엮으면(인쇄용지 샘플북 VER.2) 세트(전4권),티피에이코리아,티피에이코리아,2020-07-10,https://search1.kakaocdn.net/thumb/R120x174.q85/?fname=http%3A%2F%2Ft1.daumcdn.net%2Flbook%2Fimage%2F5433537%3Ftimestamp%3D20210706191654,8809745930014
러닝 아카: 더 비기닝,제이슨 굿윈,지앤선,2017-08-16,https://search1.kakaocdn.net/thumb/R120x174.q85/?fname=http%3A%2F%2Ft1.daumcdn.net%2Flbook%2Fimage%2F1645950%3Ftimestamp%3D20210513152132,9791187497073
에고라는 적,라이언 홀리데이,흐름출판,2017-04-03,https://search1.kakaocdn.net/thumb/R120x174.q85/?fname=http%3A%2F%2Ft1.daumcdn.net%2Flbook%2Fimage%2F921120%3Ftimestamp%3D20210706193513,9788965962090
Real MySQL(개발자와 DBA를 위한)(위키북스 오픈소스 웹 시리즈 38),이성욱,위키북스,2012-05-08,https://search1.kakaocdn.net/thumb/R120x174.q85/?fname=http%3A%2F%2Ft1.daumcdn.net%2Flbook%2Fimage%2F1394965%3Ftimestamp%3D20210702154252,9788992939003
에이트(양장본 HardCover),이지성,차이정원,2019-10-21,https://search1.kakaocdn.net/thumb/R120x174.q85/?fname=http%3A%2F%2Ft1.daumcdn.net%2Flbook%2Fimage%2F5109154%3Ftimestamp%3D20210706194512,9791188388905
코딩으로 지구정복,코인: 코딩하는 사람들,넥서스,2019-03-15,https://search1.kakaocdn.net/thumb/R120x174.q85/?fname=http%3A%2F%2Ft1.daumcdn.net%2Flbook%2Fimage%2F4897189%3Ftimestamp%3D20210706195012,9791189432898
이것이 취업을 위한 코딩 테스트다 with 파이썬,나동빈,한빛미디어,2020-08-05,https://search1.kakaocdn.net/thumb/R120x174.q85/?fname=http%3A%2F%2Ft1.daumcdn.net%2Flbook%2Fimage%2F5432938%3Ftimestamp%3D20210706194009,9791162243077
역사 속의 시간시간 속의 역사,고석규,느낌이있는책,2021-01-15,https://search1.kakaocdn.net/thumb/R120x174.q85/?fname=http%3A%2F%2Ft1.daumcdn.net%2Flbook%2Fimage%2F5580147%3Ftimestamp%3D20210706192649,9791161951249
역사 속의 시간시간 속의 역사,고석규,느낌이있는책,2021-01-15,https://search1.kakaocdn.net/thumb/R120x174.q85/?fname=http%3A%2F%2Ft1.daumcdn.net%2Flbook%2Fimage%2F5580147%3Ftimestamp%3D20210706192649,9791161951249
함께 자라기,김창준,인사이트,2018-11-30,https://search1.kakaocdn.net/thumb/R120x174.q85/?fname=http%3A%2F%2Ft1.daumcdn.net%2Flbook%2Fimage%2F4833808%3Ftimestamp%3D20210706194932,9788966262335
역사 속의 시간시간 속의 역사,고석규,느낌이있는책,2021-01-15,https://search1.kakaocdn.net/thumb/R120x174.q85/?fname=http%3A%2F%2Ft1.daumcdn.net%2Flbook%2Fimage%2F5580147%3Ftimestamp%3D20210706192649,9791161951249
역사 속의 시간시간 속의 역사,고석규,느낌이있는책,2021-01-15,https://search1.kakaocdn.net/thumb/R120x174.q85/?fname=http%3A%2F%2Ft1.daumcdn.net%2Flbook%2Fimage%2F5580147%3Ftimestamp%3D20210706192649,9791161951249
역사 속의 시간시간 속의 역사,고석규,느낌이있는책,2021-01-15,https://search1.kakaocdn.net/thumb/R120x174.q85/?fname=http%3A%2F%2Ft1.daumcdn.net%2Flbook%2Fimage%2F5580147%3Ftimestamp%3D20210706192649,9791161951249
사랑의 기술(5판),에리히 프롬,문예출판사,2019-09-01,https://search1.kakaocdn.net/thumb/R120x174.q85/?fname=http%3A%2F%2Ft1.daumcdn.net%2Flbook%2Fimage%2F5038044%3Ftimestamp%3D20210706194407,9788931011623
코딩을 지탱하는 기술(더 나은 코딩을 위한),니시오 히로카즈,비제이퍼블릭,2013-10-17,https://search1.kakaocdn.net/thumb/R120x174.q85/?fname=http%3A%2F%2Ft1.daumcdn.net%2Flbook%2Fimage%2F1429478%3Ftimestamp%3D20210706194848,9788994774480
글의 품격,이기주,황소북스,2019-05-29,https://search1.kakaocdn.net/thumb/R120x174.q85/?fname=http%3A%2F%2Ft1.daumcdn.net%2Flbook%2Fimage%2F4940116%3Ftimestamp%3D20210706192852,9791190078009
어른의 어휘력,유선경,앤의서재,2020-08-15,https://search1.kakaocdn.net/thumb/R120x174.q85/?fname=http%3A%2F%2Ft1.daumcdn.net%2Flbook%2Fimage%2F5429701%3Ftimestamp%3D20210706194132,9791190710053
세상에서 가장 쉬운 회의 퍼실리테이션,사카마키 료,이다미디어,2019-10-08,https://search1.kakaocdn.net/thumb/R120x174.q85/?fname=http%3A%2F%2Ft1.daumcdn.net%2Flbook%2Fimage%2F5079958%3Ftimestamp%3D20210612140534,9791163940241
꿈꾸는 다락방. 2(이지성의)(전면개정판)(양장본 HardCover),이지성,차이정원,2018-08-07,https://search1.kakaocdn.net/thumb/R120x174.q85/?fname=http%3A%2F%2Ft1.daumcdn.net%2Flbook%2Fimage%2F1649925%3Ftimestamp%3D20210706192551,9791188388394
컴퓨터 아키텍처(IT CookBook 170),우종정,한빛아카데미,2014-08-08,https://search1.kakaocdn.net/thumb/R120x174.q85/?fname=http%3A%2F%2Ft1.daumcdn.net%2Flbook%2Fimage%2F1570418%3Ftimestamp%3D20210703183519,9791156641322
벤처창업과 투자전략(개정판),정종용,무역경영사,2020-02-25,https://search1.kakaocdn.net/thumb/R120x174.q85/?fname=http%3A%2F%2Ft1.daumcdn.net%2Flbook%2Fimage%2F5253384%3Ftimestamp%3D20210701145103,9788946807044
Do it! 자료구조와 함께 배우는 알고리즘 입문: 파이썬 편,시바타 보요,이지스퍼블리싱,2020-07-20,https://search1.kakaocdn.net/thumb/R120x174.q85/?fname=http%3A%2F%2Ft1.daumcdn.net%2Flbook%2Fimage%2F5422739%3Ftimestamp%3D20210706194005,9791163031727
스타트업 법률 가이드 2.0,스타트업법률지원단,박영사,2020-10-01,https://search1.kakaocdn.net/thumb/R120x174.q85/?fname=http%3A%2F%2Ft1.daumcdn.net%2Flbook%2Fimage%2F5490247%3Ftimestamp%3D20210706193924,9791130336985
사랑 수업,윤홍균,심플라이프,2020-12-15,https://search1.kakaocdn.net/thumb/R120x174.q85/?fname=http%3A%2F%2Ft1.daumcdn.net%2Flbook%2Fimage%2F5539198%3Ftimestamp%3D20210706194252,9791186757666
홀로 성장하는 시대는 끝났다,이소영,더메이커,2019-11-05,https://search1.kakaocdn.net/thumb/R120x174.q85/?fname=http%3A%2F%2Ft1.daumcdn.net%2Flbook%2Fimage%2F5104792%3Ftimestamp%3D20210706194449,9791187809319
홀로 성장하는 시대는 끝났다,이소영,더메이커,2019-11-05,https://search1.kakaocdn.net/thumb/R120x174.q85/?fname=http%3A%2F%2Ft1.daumcdn.net%2Flbook%2Fimage%2F5104792%3Ftimestamp%3D20210706194449,9791187809319
Do it! 자료구조와 함께 배우는 알고리즘 입문: 파이썬 편,시바타 보요,이지스퍼블리싱,2020-07-20,https://search1.kakaocdn.net/thumb/R120x174.q85/?fname=http%3A%2F%2Ft1.daumcdn.net%2Flbook%2Fimage%2F5422739%3Ftimestamp%3D20210706194005,9791163031727
홀로 성장하는 시대는 끝났다,이소영,더메이커,2019-11-05,https://search1.kakaocdn.net/thumb/R120x174.q85/?fname=http%3A%2F%2Ft1.daumcdn.net%2Flbook%2Fimage%2F5104792%3Ftimestamp%3D20210706194449,9791187809319
밑바닥부터 시작하는 딥러닝,사이토 고키,한빛미디어,2017-01-03,https://search1.kakaocdn.net/thumb/R120x174.q85/?fname=http%3A%2F%2Ft1.daumcdn.net%2Flbook%2Fimage%2F945270%3Ftimestamp%3D20210706193538,9788968484636
일빵빵 영어회화. 1(스토리가 있는),서장혁,토마토,2012-06-01,https://search1.kakaocdn.net/thumb/R120x174.q85/?fname=http%3A%2F%2Ft1.daumcdn.net%2Flbook%2Fimage%2F1476095%3Ftimestamp%3D20210706195046,9788996895107
홀로 성장하는 시대는 끝났다,이소영,더메이커,2019-11-05,https://search1.kakaocdn.net/thumb/R120x174.q85/?fname=http%3A%2F%2Ft1.daumcdn.net%2Flbook%2Fimage%2F5104792%3Ftimestamp%3D20210706194449,9791187809319
홀로 성장하는 시대는 끝났다,이소영,더메이커,2019-11-05,https://search1.kakaocdn.net/thumb/R120x174.q85/?fname=http%3A%2F%2Ft1.daumcdn.net%2Flbook%2Fimage%2F5104792%3Ftimestamp%3D20210706194449,9791187809319
홀로 성장하는 시대는 끝났다,이소영,더메이커,2019-11-05,https://search1.kakaocdn.net/thumb/R120x174.q85/?fname=http%3A%2F%2Ft1.daumcdn.net%2Flbook%2Fimage%2F5104792%3Ftimestamp%3D20210706194449,9791187809319
Do it! 자료구조와 함께 배우는 알고리즘 입문: C 언어 편,보요 시바타,이지스퍼블리싱,2017-12-27,https://search1.kakaocdn.net/thumb/R120x174.q85/?fname=http%3A%2F%2Ft1.daumcdn.net%2Flbook%2Fimage%2F1646616%3Ftimestamp%3D20210706193552,9791188612130
운 좋은 기업에서 위대한 기업으로,주디스 허위츠,애플트리태일즈,2013-02-12,https://search1.kakaocdn.net/thumb/R120x174.q85/?fname=http%3A%2F%2Ft1.daumcdn.net%2Flbook%2Fimage%2F1499809%3Ftimestamp%3D20210511142700,9788998482015
Do it! 자료구조와 함께 배우는 알고리즘 입문: C 언어 편,보요 시바타,이지스퍼블리싱,2017-12-27,https://search1.kakaocdn.net/thumb/R120x174.q85/?fname=http%3A%2F%2Ft1.daumcdn.net%2Flbook%2Fimage%2F1646616%3Ftimestamp%3D20210706193552,9791188612130
말의 품격,이기주,황소북스,2017-05-29,https://search1.kakaocdn.net/thumb/R120x174.q85/?fname=http%3A%2F%2Ft1.daumcdn.net%2Flbook%2Fimage%2F1478622%3Ftimestamp%3D20210706193527,9788997092772
파이썬 머신러닝,세바스티안 라슈카,지앤선,2017-01-25,https://search1.kakaocdn.net/thumb/R120x174.q85/?fname=http%3A%2F%2Ft1.daumcdn.net%2Flbook%2Fimage%2F1644981%3Ftimestamp%3D20210602155912,9791187497035
커리어 스킬,존 손메즈,길벗,2019-04-10,https://search1.kakaocdn.net/thumb/R120x174.q85/?fname=http%3A%2F%2Ft1.daumcdn.net%2Flbook%2Fimage%2F4916113%3Ftimestamp%3D20210706195139,9791160507621
IAR Embedded Workbench 컴파일러와 디버거(ARM과 Cortex 시리즈 코어를 위한),김철원,지앤선,2013-10-20,https://search1.kakaocdn.net/thumb/R120x174.q85/?fname=http%3A%2F%2Ft1.daumcdn.net%2Flbook%2Fimage%2F1412062%3Ftimestamp%3D20190129214706,9788993827675
조사방법론(반양장),최창현,윤성사,2017-06-01,https://search1.kakaocdn.net/thumb/R120x174.q85/?fname=http%3A%2F%2Ft1.daumcdn.net%2Flbook%2Fimage%2F1664517%3Ftimestamp%3D20210303152216,9791196019037
넥스트 넷플릭스,임석봉,한스미디어,2020-10-29,https://search1.kakaocdn.net/thumb/R120x174.q85/?fname=http%3A%2F%2Ft1.daumcdn.net%2Flbook%2Fimage%2F5502836%3Ftimestamp%3D20210701145149,9791160075342
R을 활용한 계량분석 강의 노트,최유진,윤성사,2017-04-05,https://search1.kakaocdn.net/thumb/R120x174.q85/?fname=http%3A%2F%2Ft1.daumcdn.net%2Flbook%2Fimage%2F1662439%3Ftimestamp%3D20210613132858,9791196019006
D3.js,스캇 머레이,인사이트,2014-03-24,https://search1.kakaocdn.net/thumb/R120x174.q85/?fname=http%3A%2F%2Ft1.daumcdn.net%2Flbook%2Fimage%2F927043%3Ftimestamp%3D20210706193310,9788966261062
숫자에 약한 사람들을 위한 통계학 수업,데이비드 스피겔할터,웅진지식하우스,2020-08-12,https://search1.kakaocdn.net/thumb/R120x174.q85/?fname=http%3A%2F%2Ft1.daumcdn.net%2Flbook%2Fimage%2F5447568%3Ftimestamp%3D20210706194059,9788901244488
숫자에 약한 사람들을 위한 통계학 수업,데이비드 스피겔할터,웅진지식하우스,2020-08-12,https://search1.kakaocdn.net/thumb/R120x174.q85/?fname=http%3A%2F%2Ft1.daumcdn.net%2Flbook%2Fimage%2F5447568%3Ftimestamp%3D20210706194059,9788901244488
구글은 어떻게 일하는가 - [이벤트],에릭 슈미트조너선 로젠버그앨런 이글,김영사,2014-10-16,https://search1.kakaocdn.net/thumb/R120x174.q85/?fname=http%3A%2F%2Ft1.daumcdn.net%2Flbook%2Fimage%2F4528695%3Ftimestamp%3D20190301073744,9788934969006
라즈베리 파이와 슈퍼컴퓨팅,애쉬윈 파얀카,에이콘출판,2018-09-28,https://search1.kakaocdn.net/thumb/R120x174.q85/?fname=http%3A%2F%2Ft1.daumcdn.net%2Flbook%2Fimage%2F3755631%3Ftimestamp%3D20210702153921,9791161752099
시작하세요! 도커/쿠버네티스(시작하세요!)(개정판)(위키북스 시스템...,용찬호,위키북스,2020-10-23,https://search1.kakaocdn.net/thumb/R120x174.q85/?fname=http%3A%2F%2Ft1.daumcdn.net%2Flbook%2Fimage%2F5495883%3Ftimestamp%3D20210706194137,9791158392291
시작하세요! 도커/쿠버네티스(시작하세요!)(개정판)(위키북스 시스템...,용찬호,위키북스,2020-10-23,https://search1.kakaocdn.net/thumb/R120x174.q85/?fname=http%3A%2F%2Ft1.daumcdn.net%2Flbook%2Fimage%2F5495883%3Ftimestamp%3D20210706194137,9791158392291
스타트업 CFO와 창업재무(성공을 부르는),심규태,한국경제신문i,2019-01-07,https://search1.kakaocdn.net/thumb/R120x174.q85/?fname=http%3A%2F%2Ft1.daumcdn.net%2Flbook%2Fimage%2F4853455%3Ftimestamp%3D20210706192630,9788947544344
시작하세요! 도커/쿠버네티스(시작하세요!)(개정판)(위키북스 시스템...,용찬호,위키북스,2020-10-23,https://search1.kakaocdn.net/thumb/R120x174.q85/?fname=http%3A%2F%2Ft1.daumcdn.net%2Flbook%2Fimage%2F5495883%3Ftimestamp%3D20210706194137,9791158392291
Do it! 쉽게 배우는 R 데이터 분석,김영우,이지스퍼블리싱,2017-07-20,https://search1.kakaocdn.net/thumb/R120x174.q85/?fname=http%3A%2F%2Ft1.daumcdn.net%2Flbook%2Fimage%2F1640762%3Ftimestamp%3D20210706193554,9791187370949
코딩 개념 사전(코딩책과 함께 보는)(궁리 IT's story 시리즈),김현정,궁리,2018-04-10,https://search1.kakaocdn.net/thumb/R120x174.q85/?fname=http%3A%2F%2Ft1.daumcdn.net%2Flbook%2Fimage%2F774592%3Ftimestamp%3D20210704144239,9788958205159
Do it! 쉽게 배우는 R 데이터 분석,김영우,이지스퍼블리싱,2017-07-20,https://search1.kakaocdn.net/thumb/R120x174.q85/?fname=http%3A%2F%2Ft1.daumcdn.net%2Flbook%2Fimage%2F1640762%3Ftimestamp%3D20210706193554,9791187370949
모두의 SQL,김도연,길벗,2018-09-21,https://search1.kakaocdn.net/thumb/R120x174.q85/?fname=http%3A%2F%2Ft1.daumcdn.net%2Flbook%2Fimage%2F3756437%3Ftimestamp%3D20210706194839,9791160505771
모바일 미래보고서 2021,커넥팅랩,비즈니스북스,2020-09-23,https://search1.kakaocdn.net/thumb/R120x174.q85/?fname=http%3A%2F%2Ft1.daumcdn.net%2Flbook%2Fimage%2F5480072%3Ftimestamp%3D20210706194033,9791162541685
모두의 SQL,김도연,길벗,2018-09-21,https://search1.kakaocdn.net/thumb/R120x174.q85/?fname=http%3A%2F%2Ft1.daumcdn.net%2Flbook%2Fimage%2F3756437%3Ftimestamp%3D20210706194839,9791160505771
모두의 SQL,김도연,길벗,2018-09-21,https://search1.kakaocdn.net/thumb/R120x174.q85/?fname=http%3A%2F%2Ft1.daumcdn.net%2Flbook%2Fimage%2F3756437%3Ftimestamp%3D20210706194839,9791160505771
오픈 소스로 미래를 연마하라,VM(비키) 브라수어,인사이트,2019-10-22,https://search1.kakaocdn.net/thumb/R120x174.q85/?fname=http%3A%2F%2Ft1.daumcdn.net%2Flbook%2Fimage%2F5097543%3Ftimestamp%3D20210706194458,9788966262519
Do it! 정직하게 코딩하며 배우는 딥러닝 입문,박해선,이지스퍼블리싱,2019-09-20,https://search1.kakaocdn.net/thumb/R120x174.q85/?fname=http%3A%2F%2Ft1.daumcdn.net%2Flbook%2Fimage%2F5077058%3Ftimestamp%3D20210705180752,9791163031093
애자일 & 스크럼 프로젝트 관리,이재왕,길벗,2016-05-06,https://search1.kakaocdn.net/thumb/R120x174.q85/?fname=http%3A%2F%2Ft1.daumcdn.net%2Flbook%2Fimage%2F1641986%3Ftimestamp%3D20210706193426,9791187345015
스타트업 가이드7,전화성,이콘,2020-02-03,https://search1.kakaocdn.net/thumb/R120x174.q85/?fname=http%3A%2F%2Ft1.daumcdn.net%2Flbook%2Fimage%2F5227726%3Ftimestamp%3D20210630145206,9791189318178
Do it! 정직하게 코딩하며 배우는 딥러닝 입문,박해선,이지스퍼블리싱,2019-09-20,https://search1.kakaocdn.net/thumb/R120x174.q85/?fname=http%3A%2F%2Ft1.daumcdn.net%2Flbook%2Fimage%2F5077058%3Ftimestamp%3D20210705180752,9791163031093
소프트웨어 공학(쉽게 배우는)(IT CookBook 192),김치수,한빛아카데미,2015-11-30,https://search1.kakaocdn.net/thumb/R120x174.q85/?fname=http%3A%2F%2Ft1.daumcdn.net%2Flbook%2Fimage%2F1565459%3Ftimestamp%3D20210707143853,9791156642053
소프트웨어 아키텍트가 알아야 할 97가지,RICHARD MONSON HAEFEL,지앤선,2011-04-15,https://search1.kakaocdn.net/thumb/R120x174.q85/?fname=http%3A%2F%2Ft1.daumcdn.net%2Flbook%2Fimage%2F1409683%3Ftimestamp%3D20210501144607,9788993827330
모두의 데이터 과학 with 파이썬,드미트리 지노비에프,길벗,2017-07-14,https://search1.kakaocdn.net/thumb/R120x174.q85/?fname=http%3A%2F%2Ft1.daumcdn.net%2Flbook%2Fimage%2F1597887%3Ftimestamp%3D20210703181707,9791160502152
오픈 소스 소프트웨어로 실습하는 소프트웨어 공학,정인상,생능출판,2017-02-28,https://search1.kakaocdn.net/thumb/R120x174.q85/?fname=http%3A%2F%2Ft1.daumcdn.net%2Flbook%2Fimage%2F961736%3Ftimestamp%3D20210629141216,9788970508986
스타트업 백서,김건우,슬기북스,2019-12-28,https://search1.kakaocdn.net/thumb/R120x174.q85/?fname=http%3A%2F%2Ft1.daumcdn.net%2Flbook%2Fimage%2F5162708%3Ftimestamp%3D20210702153302,9791196637033
그림으로 배우는 클라우드 2/E,하야시 미사유키,영진닷컴,2020-08-25,https://search1.kakaocdn.net/thumb/R120x174.q85/?fname=http%3A%2F%2Ft1.daumcdn.net%2Flbook%2Fimage%2F5444363%3Ftimestamp%3D20210706194001,9788931463149
스타트업 CEO를 위한 모든 것,양준철,지앤선,2017-06-21,https://search1.kakaocdn.net/thumb/R120x174.q85/?fname=http%3A%2F%2Ft1.daumcdn.net%2Flbook%2Fimage%2F1645820%3Ftimestamp%3D20210616143438,9791187497066
스타트업 101,하세가와 가쓰야,호이테북스,2020-04-15,https://search1.kakaocdn.net/thumb/R120x174.q85/?fname=http%3A%2F%2Ft1.daumcdn.net%2Flbook%2Fimage%2F5326976%3Ftimestamp%3D20210702152707,9788993132700
임유정의 목소리 트레이닝,임유정,원앤원북스,2019-01-15,https://search1.kakaocdn.net/thumb/R120x174.q85/?fname=http%3A%2F%2Ft1.daumcdn.net%2Flbook%2Fimage%2F4861776%3Ftimestamp%3D20210706192738,9791189344412
그림으로 배우는 서버 구조,니시무라 야스히로,영진닷컴,2020-11-20,https://search1.kakaocdn.net/thumb/R120x174.q85/?fname=http%3A%2F%2Ft1.daumcdn.net%2Flbook%2Fimage%2F5516542%3Ftimestamp%3D20210706194233,9788931463279
카이스트 K스쿨 스타트업 재무 특강,안성태,니케북스,2018-03-20,https://search1.kakaocdn.net/thumb/R120x174.q85/?fname=http%3A%2F%2Ft1.daumcdn.net%2Flbook%2Fimage%2F1420265%3Ftimestamp%3D20210705180714,9788994361826
재무제표 모르면 주식투자 절대로 하지마라(스타강사 사경인 회계사의)(개정판),사경인,베가북스,2020-01-10,https://search1.kakaocdn.net/thumb/R120x174.q85/?fname=http%3A%2F%2Ft1.daumcdn.net%2Flbook%2Fimage%2F5210239%3Ftimestamp%3D20210706194543,9791190242271
손에 잡히는 VIM,김선영,인사이트,2011-03-31,https://search1.kakaocdn.net/thumb/R120x174.q85/?fname=http%3A%2F%2Ft1.daumcdn.net%2Flbook%2Fimage%2F924358%3Ftimestamp%3D20210706192758,9788966260003
장병규의 스타트업 한국,장병규,넥서스BIZ,2018-01-05,https://search1.kakaocdn.net/thumb/R120x174.q85/?fname=http%3A%2F%2Ft1.daumcdn.net%2Flbook%2Fimage%2F1603342%3Ftimestamp%3D20201103160212,9791161651965
만들면서 배우는 Git + GitHub 입문,윤웅식,한빛미디어,2015-08-20,https://search1.kakaocdn.net/thumb/R120x174.q85/?fname=http%3A%2F%2Ft1.daumcdn.net%2Flbook%2Fimage%2F945802%3Ftimestamp%3D20210707143742,9788968482021
쿠버네티스 마스터 2/e(2판)(클라우드 컴퓨팅),기기 사이판,에이콘출판,2018-07-31,https://search1.kakaocdn.net/thumb/R120x174.q85/?fname=http%3A%2F%2Ft1.daumcdn.net%2Flbook%2Fimage%2F1600436%3Ftimestamp%3D20210702153859,9791161751986
나의 한국현대사 1959-2020,유시민,돌베개,2021-01-20,https://search1.kakaocdn.net/thumb/R120x174.q85/?fname=http%3A%2F%2Ft1.daumcdn.net%2Flbook%2Fimage%2F5568568%3Ftimestamp%3D20210706194203,9788971999080
고객이 보이는 구글 애널리틱스(2판),문준영,한빛미디어,2020-01-17,https://search1.kakaocdn.net/thumb/R120x174.q85/?fname=http%3A%2F%2Ft1.daumcdn.net%2Flbook%2Fimage%2F5219544%3Ftimestamp%3D20210706194451,9791162242728
클린 아키텍처: 소프트웨어 구조와 설계의 원칙,로버트 C. 마틴,인사이트,2019-08-20,https://search1.kakaocdn.net/thumb/R120x174.q85/?fname=http%3A%2F%2Ft1.daumcdn.net%2Flbook%2Fimage%2F5035062%3Ftimestamp%3D20210706195123,9788966262472
맨먼스 미신(프로그램 프로그래밍 프로그래머 시리즈 9),프레더릭 브룩스,인사이트,2015-03-23,https://search1.kakaocdn.net/thumb/R120x174.q85/?fname=http%3A%2F%2Ft1.daumcdn.net%2Flbook%2Fimage%2F924421%3Ftimestamp%3D20210706191310,9788966261321
구글 애널리틱스 완벽 입문(위키북스 오픈소스 & 웹 시리즈 99),유성민,위키북스,2020-08-21,https://search1.kakaocdn.net/thumb/R120x174.q85/?fname=http%3A%2F%2Ft1.daumcdn.net%2Flbook%2Fimage%2F5444406%3Ftimestamp%3D20210706191650,9791158392154
함께 자라기,김창준,인사이트,2018-11-30,https://search1.kakaocdn.net/thumb/R120x174.q85/?fname=http%3A%2F%2Ft1.daumcdn.net%2Flbook%2Fimage%2F4833808%3Ftimestamp%3D20210706194932,9788966262335
Clean Code(클린 코드),로버트 C. 마틴,인사이트,2013-12-24,https://search1.kakaocdn.net/thumb/R120x174.q85/?fname=http%3A%2F%2Ft1.daumcdn.net%2Flbook%2Fimage%2F927035%3Ftimestamp%3D20210706195218,9788966260959
Clean Code(클린 코드),로버트 C. 마틴,인사이트,2013-12-24,https://search1.kakaocdn.net/thumb/R120x174.q85/?fname=http%3A%2F%2Ft1.daumcdn.net%2Flbook%2Fimage%2F927035%3Ftimestamp%3D20210706195218,9788966260959
백년운동,정선근,아티잔,2019-10-31,https://search1.kakaocdn.net/thumb/R120x174.q85/?fname=http%3A%2F%2Ft1.daumcdn.net%2Flbook%2Fimage%2F5127261%3Ftimestamp%3D20210706194411,9791196834005
스타트업은 어떻게 유니콘이 되는가,최정우,쌤앤파커스,2020-04-16,https://search1.kakaocdn.net/thumb/R120x174.q85/?fname=http%3A%2F%2Ft1.daumcdn.net%2Flbook%2Fimage%2F5332053%3Ftimestamp%3D20210706191533,9791165340926
원 포인트 K-스타트업 창업,이홍철,지와수,2018-07-25,https://search1.kakaocdn.net/thumb/R120x174.q85/?fname=http%3A%2F%2Ft1.daumcdn.net%2Flbook%2Fimage%2F1495198%3Ftimestamp%3D20210618181718,9788997947096
오픈스택 인 액션,코디 범가드너,한빛미디어,2016-10-01,https://search1.kakaocdn.net/thumb/R120x174.q85/?fname=http%3A%2F%2Ft1.daumcdn.net%2Flbook%2Fimage%2F945280%3Ftimestamp%3D20210707143952,9788968484865
호모 모빌리언스(Homo Mobilians),이민화,북콘서트,2012-06-10,https://search1.kakaocdn.net/thumb/R120x174.q85/?fname=http%3A%2F%2Ft1.daumcdn.net%2Flbook%2Fimage%2F1389107%3Ftimestamp%3D20210619142603,9788992885607
혁신의 후원자 벤처캐피털,권오상,클라우드나인,2020-05-27,https://search1.kakaocdn.net/thumb/R120x174.q85/?fname=http%3A%2F%2Ft1.daumcdn.net%2Flbook%2Fimage%2F5378568%3Ftimestamp%3D20210705180532,9791189430726
우리가 꿈꾸는 나라(지혜의 시대)(양장본 HardCover),노회찬,창비,2018-09-17,https://search1.kakaocdn.net/thumb/R120x174.q85/?fname=http%3A%2F%2Ft1.daumcdn.net%2Flbook%2Fimage%2F3750544%3Ftimestamp%3D20210625143852,9788936476748
창의융합 프로젝트 아이디어북,조준동,한빛아카데미,2015-06-10,https://search1.kakaocdn.net/thumb/R120x174.q85/?fname=http%3A%2F%2Ft1.daumcdn.net%2Flbook%2Fimage%2F1569547%3Ftimestamp%3D20210625142422,9791156641858
알기쉬운 역량모델링,ANNTOINETTE DLUCIA,피에스아이컨설팅,2001-01-01,https://search1.kakaocdn.net/thumb/R120x174.q85/?fname=http%3A%2F%2Ft1.daumcdn.net%2Flbook%2Fimage%2F1232175%3Ftimestamp%3D20210626140753,9788986406047
파이썬 머신러닝 완벽 가이드(위키북스 데이터 사이언스 시리즈 50),권철민,위키북스,2020-02-07,https://search1.kakaocdn.net/thumb/R120x174.q85/?fname=http%3A%2F%2Ft1.daumcdn.net%2Flbook%2Fimage%2F5227971%3Ftimestamp%3D20210706194533,9791158391928
린 스타트업,에릭 리스,인사이트,2012-11-12,https://search1.kakaocdn.net/thumb/R120x174.q85/?fname=http%3A%2F%2Ft1.daumcdn.net%2Flbook%2Fimage%2F927015%3Ftimestamp%3D20210706195126,9788966260577
파이썬 날코딩으로 알고 짜는 딥러닝,윤덕호,한빛미디어,2019-07-15,https://search1.kakaocdn.net/thumb/R120x174.q85/?fname=http%3A%2F%2Ft1.daumcdn.net%2Flbook%2Fimage%2F4990882%3Ftimestamp%3D20210703183857,9791162242001
넷플릭스의 클라우드 엔지니어링,정윤진,예문사,2020-06-10,https://search1.kakaocdn.net/thumb/R120x174.q85/?fname=http%3A%2F%2Ft1.daumcdn.net%2Flbook%2Fimage%2F5384871%3Ftimestamp%3D20210705180535,9788927436133
전지적 짝사랑 시점,이나은,나무의철학,2018-02-19,https://search1.kakaocdn.net/thumb/R120x174.q85/?fname=http%3A%2F%2Ft1.daumcdn.net%2Flbook%2Fimage%2F1586523%3Ftimestamp%3D20210704143316,9791158510909
벤처 창업 경영론(2판),성태경,정독,2020-03-02,https://search1.kakaocdn.net/thumb/R120x174.q85/?fname=http%3A%2F%2Ft1.daumcdn.net%2Flbook%2Fimage%2F5243283%3Ftimestamp%3D20210703182419,9791189675523
비즈니스 글쓰기 상식사전,송세진,길벗,2011-08-20,https://search1.kakaocdn.net/thumb/R120x174.q85/?fname=http%3A%2F%2Ft1.daumcdn.net%2Flbook%2Fimage%2F923523%3Ftimestamp%3D20210701150804,9788966181681
기득권층,오언 존스,북인더갭,2017-03-30,https://search1.kakaocdn.net/thumb/R120x174.q85/?fname=http%3A%2F%2Ft1.daumcdn.net%2Flbook%2Fimage%2F1616150%3Ftimestamp%3D20210512172644,9791185359236
오픈스택을 다루는 기술(개정판),장현정,길벗,2017-05-20,https://search1.kakaocdn.net/thumb/R120x174.q85/?fname=http%3A%2F%2Ft1.daumcdn.net%2Flbook%2Fimage%2F1595164%3Ftimestamp%3D20210707144007,9791160501759
비욘드,크리스 임피,시공사,2020-04-27,https://search1.kakaocdn.net/thumb/R120x174.q85/?fname=http%3A%2F%2Ft1.daumcdn.net%2Flbook%2Fimage%2F5355828%3Ftimestamp%3D20210706191546,9788952773661
하드씽,벤 호로위츠,36.5,2014-12-05,https://search1.kakaocdn.net/thumb/R120x174.q85/?fname=http%3A%2F%2Ft1.daumcdn.net%2Flbook%2Fimage%2F1573563%3Ftimestamp%3D20210204163143,9791157231324
이솝우화에서 배우는 33역량,신호종,넥서스BIZ,2015-08-25,https://search1.kakaocdn.net/thumb/R120x174.q85/?fname=http%3A%2F%2Ft1.daumcdn.net%2Flbook%2Fimage%2F1577770%3Ftimestamp%3D20210521183908,9791157525041
세상을 바꾸는 스타트업(Start up),주형철,로크미디어,2014-09-05,https://search1.kakaocdn.net/thumb/R120x174.q85/?fname=http%3A%2F%2Ft1.daumcdn.net%2Flbook%2Fimage%2F1521627%3Ftimestamp%3D20210409144248,9791125581338
스타트업 1년 차입니다,조성주,천그루숲,2019-05-20,https://search1.kakaocdn.net/thumb/R120x174.q85/?fname=http%3A%2F%2Ft1.daumcdn.net%2Flbook%2Fimage%2F4935605%3Ftimestamp%3D20210623144905,9791188348435
킥스타터 캠페인,박한진,클라우드북스,2017-02-09,https://search1.kakaocdn.net/thumb/R120x174.q85/?fname=http%3A%2F%2Ft1.daumcdn.net%2Flbook%2Fimage%2F1492259%3Ftimestamp%3D20210702151630,9788997793204
AI 최강의 수업(KAIST 김진형 교수에게 듣는),김진형,매일경제신문사,2020-11-20,https://search1.kakaocdn.net/thumb/R120x174.q85/?fname=http%3A%2F%2Ft1.daumcdn.net%2Flbook%2Fimage%2F5514801%3Ftimestamp%3D20210706194303,9791164841905
복지국가와 사회,견진만,윤성사,2017-07-20,https://search1.kakaocdn.net/thumb/R120x174.q85/?fname=http%3A%2F%2Ft1.daumcdn.net%2Flbook%2Fimage%2F1669950%3Ftimestamp%3D20210603145028,9791196019044
Kubernetes in Action,마르코 룩샤,에이콘출판,2019-01-02,https://search1.kakaocdn.net/thumb/R120x174.q85/?fname=http%3A%2F%2Ft1.daumcdn.net%2Flbook%2Fimage%2F4819746%3Ftimestamp%3D20200703135831,9791161752242
작은 도시 큰 기업,모종린,알에이치코리아,2014-05-28,https://search1.kakaocdn.net/thumb/R120x174.q85/?fname=http%3A%2F%2Ft1.daumcdn.net%2Flbook%2Fimage%2F415350%3Ftimestamp%3D20210703184215,9788925552866
12가지 인생의 법칙,조던 B. 피터슨,메이븐,2018-10-30,https://search1.kakaocdn.net/thumb/R120x174.q85/?fname=http%3A%2F%2Ft1.daumcdn.net%2Flbook%2Fimage%2F3943658%3Ftimestamp%3D20210706194852,9791196067694
쿠버네티스 인 액션(오픈소스 프로그래밍 시리즈),마르코 룩샤,에이콘출판,2020-03-31,https://search1.kakaocdn.net/thumb/R120x174.q85/?fname=http%3A%2F%2Ft1.daumcdn.net%2Flbook%2Fimage%2F5327764%3Ftimestamp%3D20210706193938,9791161754048
쿠버네티스 인 액션(오픈소스 프로그래밍 시리즈),마르코 룩샤,에이콘출판,2020-03-31,https://search1.kakaocdn.net/thumb/R120x174.q85/?fname=http%3A%2F%2Ft1.daumcdn.net%2Flbook%2Fimage%2F5327764%3Ftimestamp%3D20210706193938,9791161754048
소비 수업,윤태영,문예출판사,2020-02-28,https://search1.kakaocdn.net/thumb/R120x174.q85/?fname=http%3A%2F%2Ft1.daumcdn.net%2Flbook%2Fimage%2F5247066%3Ftimestamp%3D20210706191432,9788931021097
미국 프랑스 영국 교육제도,정일용,서울대학교출판문화원,2013-06-25,https://search1.kakaocdn.net/thumb/R120x174.q85/?fname=http%3A%2F%2Ft1.daumcdn.net%2Flbook%2Fimage%2F632998%3Ftimestamp%3D20210619142352,9788952115089
스켑틱,마이클 셔머,바다출판사,2020-11-11,https://search1.kakaocdn.net/thumb/R120x174.q85/?fname=http%3A%2F%2Ft1.daumcdn.net%2Flbook%2Fimage%2F5513409%3Ftimestamp%3D20210706194243,9791189932787
완벽한 IT 인프라 구축을 위한 Docker(2판),Asa Shiho,정보문화사,2018-09-10,https://search1.kakaocdn.net/thumb/R120x174.q85/?fname=http%3A%2F%2Ft1.daumcdn.net%2Flbook%2Fimage%2F3751153%3Ftimestamp%3D20210706192536,9788956747903
완벽한 IT 인프라 구축을 위한 Docker(2판),Asa Shiho,정보문화사,2018-09-10,https://search1.kakaocdn.net/thumb/R120x174.q85/?fname=http%3A%2F%2Ft1.daumcdn.net%2Flbook%2Fimage%2F3751153%3Ftimestamp%3D20210706192536,9788956747903
로봇 수업(양장본 HardCover),존 조던,사이언스북스,2018-06-25,https://search1.kakaocdn.net/thumb/R120x174.q85/?fname=http%3A%2F%2Ft1.daumcdn.net%2Flbook%2Fimage%2F1654099%3Ftimestamp%3D20210706194735,9791189198008
해커와 화가(양장본 HardCover),폴 그레이엄,한빛미디어,2014-01-06,https://search1.kakaocdn.net/thumb/R120x174.q85/?fname=http%3A%2F%2Ft1.daumcdn.net%2Flbook%2Fimage%2F942912%3Ftimestamp%3D20210706195246,9788968480713
해커와 화가(양장본 HardCover),폴 그레이엄,한빛미디어,2014-01-06,https://search1.kakaocdn.net/thumb/R120x174.q85/?fname=http%3A%2F%2Ft1.daumcdn.net%2Flbook%2Fimage%2F942912%3Ftimestamp%3D20210706195246,9788968480713
해커와 화가(양장본 HardCover),폴 그레이엄,한빛미디어,2014-01-06,https://search1.kakaocdn.net/thumb/R120x174.q85/?fname=http%3A%2F%2Ft1.daumcdn.net%2Flbook%2Fimage%2F942912%3Ftimestamp%3D20210706195246,9788968480713
데이터 시각화 교과서,클라우스 윌케,책만,2020-02-20,https://search1.kakaocdn.net/thumb/R120x174.q85/?fname=http%3A%2F%2Ft1.daumcdn.net%2Flbook%2Fimage%2F5237687%3Ftimestamp%3D20210706194514,9791189909109
데이터 시각화 교과서,클라우스 윌케,책만,2020-02-20,https://search1.kakaocdn.net/thumb/R120x174.q85/?fname=http%3A%2F%2Ft1.daumcdn.net%2Flbook%2Fimage%2F5237687%3Ftimestamp%3D20210706194514,9791189909109
데이타베이스 시스템,이석호,정익사,2014-08-20,https://search1.kakaocdn.net/thumb/R120x174.q85/?fname=http%3A%2F%2Ft1.daumcdn.net%2Flbook%2Fimage%2F523818%3Ftimestamp%3D20210706191041,9788935304455
데이타베이스 시스템,이석호,정익사,2014-08-20,https://search1.kakaocdn.net/thumb/R120x174.q85/?fname=http%3A%2F%2Ft1.daumcdn.net%2Flbook%2Fimage%2F523818%3Ftimestamp%3D20210706191041,9788935304455
대용량 데이터베이스솔루션. 1(새로 쓴)(양장본 HardCover),이화식,엔코아컨설팅,2018-01-19,https://search1.kakaocdn.net/thumb/R120x174.q85/?fname=http%3A%2F%2Ft1.daumcdn.net%2Flbook%2Fimage%2F1431981%3Ftimestamp%3D20210707144259,9788995062920
마케팅이다(양장본 HardCover),세스 고딘,쌤앤파커스,2019-04-05,https://search1.kakaocdn.net/thumb/R120x174.q85/?fname=http%3A%2F%2Ft1.daumcdn.net%2Flbook%2Fimage%2F4911452%3Ftimestamp%3D20210706195032,9788965707820
특이점이 온다(기술이 인간을 초월하는 순간)(양장본 HardCover),레이 커즈와일,김영사,2007-01-07,https://search1.kakaocdn.net/thumb/R120x174.q85/?fname=http%3A%2F%2Ft1.daumcdn.net%2Flbook%2Fimage%2F518841%3Ftimestamp%3D20210706193715,9788934924067
대용량 데이터베이스솔루션. 2(양장본 HardCover),이화식,엔코아컨설팅,2012-04-20,https://search1.kakaocdn.net/thumb/R120x174.q85/?fname=http%3A%2F%2Ft1.daumcdn.net%2Flbook%2Fimage%2F1426004%3Ftimestamp%3D20210707144342,9788995062913
머신러닝을 위한 파이썬 한 조각,박성호,비제이퍼블릭,2020-02-21,https://search1.kakaocdn.net/thumb/R120x174.q85/?fname=http%3A%2F%2Ft1.daumcdn.net%2Flbook%2Fimage%2F5237794%3Ftimestamp%3D20210702153442,9791190014755
케라스 창시자에게 배우는 딥러닝(Deep Learning with Python),프랑소와 숄레,길벗,2018-10-22,https://search1.kakaocdn.net/thumb/R120x174.q85/?fname=http%3A%2F%2Ft1.daumcdn.net%2Flbook%2Fimage%2F3774757%3Ftimestamp%3D20210706193536,9791160505979
고독한 군중(세계사상전집 45),데이비드 리스먼,동서문화사,2016-09-09,https://search1.kakaocdn.net/thumb/R120x174.q85/?fname=http%3A%2F%2Ft1.daumcdn.net%2Flbook%2Fimage%2F617609%3Ftimestamp%3D20210707143828,9788949714530
밑바닥부터 시작하는 딥러닝,사이토 고키,한빛미디어,2017-01-03,https://search1.kakaocdn.net/thumb/R120x174.q85/?fname=http%3A%2F%2Ft1.daumcdn.net%2Flbook%2Fimage%2F945270%3Ftimestamp%3D20210706193538,9788968484636
The Official Scratchjr Book,No Starch Press,No Starch Press,2016-01-04,https://search1.kakaocdn.net/thumb/R120x174.q85/?fname=http%3A%2F%2Ft1.daumcdn.net%2Flbook%2Fimage%2F3402089%3Ftimestamp%3D20190220103031,9781593276713
누구나 쉽게 배우는 코딩(이지코딩 시리즈 4),브라이슨 페인,비제이퍼블릭,2015-10-07,https://search1.kakaocdn.net/thumb/R120x174.q85/?fname=http%3A%2F%2Ft1.daumcdn.net%2Flbook%2Fimage%2F1634910%3Ftimestamp%3D20210702151627,9791186697047
한 권으로 정리하는 4차 산업혁명,최진기,이지퍼블리싱,2018-05-11,https://search1.kakaocdn.net/thumb/R120x174.q85/?fname=http%3A%2F%2Ft1.daumcdn.net%2Flbook%2Fimage%2F1669066%3Ftimestamp%3D20210706194238,9791196376406
밑바닥부터 시작하는 딥러닝. 2,사이토 고키,한빛미디어,2019-05-01,https://search1.kakaocdn.net/thumb/R120x174.q85/?fname=http%3A%2F%2Ft1.daumcdn.net%2Flbook%2Fimage%2F4930064%3Ftimestamp%3D20210706194949,9791162241745
한국 IT산업의 멸망,김인성,북하우스,2011-04-01,https://search1.kakaocdn.net/thumb/R120x174.q85/?fname=http%3A%2F%2Ft1.daumcdn.net%2Flbook%2Fimage%2F724095%3Ftimestamp%3D20210706195016,9788956055220
창의성과 영재성(영재교육필독시리즈 10),Donald J. Treffinger,학지사,2008-01-15,https://search1.kakaocdn.net/thumb/R120x174.q85/?fname=http%3A%2F%2Ft1.daumcdn.net%2Flbook%2Fimage%2F790226%3Ftimestamp%3D20210408142505,9788958915508
프로그래머가 되기 전에 알았더라면 좋았을 것들,고마타 미쓰유키,스포트라잇북,2015-01-20,https://search1.kakaocdn.net/thumb/R120x174.q85/?fname=http%3A%2F%2Ft1.daumcdn.net%2Flbook%2Fimage%2F1653529%3Ftimestamp%3D20210702151627,9791195313327
AI 최강의 수업(KAIST 김진형 교수에게 듣는),김진형,매일경제신문사,2020-11-20,https://search1.kakaocdn.net/thumb/R120x174.q85/?fname=http%3A%2F%2Ft1.daumcdn.net%2Flbook%2Fimage%2F5514801%3Ftimestamp%3D20210706194303,9791164841905
데이터 과학(밑바닥부터 시작하는)(2판)(프로그래밍인사이트),조엘 그루스,인사이트,2020-03-12,https://search1.kakaocdn.net/thumb/R120x174.q85/?fname=http%3A%2F%2Ft1.daumcdn.net%2Flbook%2Fimage%2F5256249%3Ftimestamp%3D20210706191439,9788966262571
세계 최고의 인재들은 왜 기본에 집중할까,도쓰카 다카마사,비즈니스북스,2014-02-14,https://search1.kakaocdn.net/thumb/R120x174.q85/?fname=http%3A%2F%2Ft1.daumcdn.net%2Flbook%2Fimage%2F1495000%3Ftimestamp%3D20210706193213,9788997575213
웹 데이터 분석학(에이콘 검색 마케팅 웹 분석 시리즈 7),아비나쉬 카우쉭,에이콘출판,2013-05-31,https://search1.kakaocdn.net/thumb/R120x174.q85/?fname=http%3A%2F%2Ft1.daumcdn.net%2Flbook%2Fimage%2F839332%3Ftimestamp%3D20210701150030,9788960774360
핀란드 교육에서 미래 교육의 답을 찾다,키르시티 론카,테크빌교육(즐거운학교),2020-02-28,https://search1.kakaocdn.net/thumb/R120x174.q85/?fname=http%3A%2F%2Ft1.daumcdn.net%2Flbook%2Fimage%2F5261506%3Ftimestamp%3D20210706191507,9791163460763
개발자의 코드,카 와이 청,지앤선,2013-02-28,https://search1.kakaocdn.net/thumb/R120x174.q85/?fname=http%3A%2F%2Ft1.daumcdn.net%2Flbook%2Fimage%2F1404830%3Ftimestamp%3D20210701145721,9788993827552
AI 슈퍼파워,리카이푸,이콘,2019-04-03,https://search1.kakaocdn.net/thumb/R120x174.q85/?fname=http%3A%2F%2Ft1.daumcdn.net%2Flbook%2Fimage%2F4917210%3Ftimestamp%3D20210706195220,9791189318109
SQL로 분석하고 Tableau로 시각화하자(데이터 분석과 시각화),모원서,비제이퍼블릭,2020-10-30,https://search1.kakaocdn.net/thumb/R120x174.q85/?fname=http%3A%2F%2Ft1.daumcdn.net%2Flbook%2Fimage%2F5501954%3Ftimestamp%3D20210706194203,9791165920173
Python for Scientists,John M Stewart,Cambridge University Press,2016-01-26,https://search1.kakaocdn.net/thumb/R120x174.q85/?fname=http%3A%2F%2Ft1.daumcdn.net%2Flbook%2Fimage%2F3363442%3Ftimestamp%3D20190220041854,9781107686427
마인드스톰,시모어 패퍼트,인사이트,2020-06-01,https://search1.kakaocdn.net/thumb/R120x174.q85/?fname=http%3A%2F%2Ft1.daumcdn.net%2Flbook%2Fimage%2F5374422%3Ftimestamp%3D20210702152800,9788966262618
이러닝과 저작권법,김윤명,커뮤니케이션북스,2011-05-16,https://search1.kakaocdn.net/thumb/R120x174.q85/?fname=http%3A%2F%2Ft1.daumcdn.net%2Flbook%2Fimage%2F892757%3Ftimestamp%3D20201228132721,9788964061480
안드로이드 앱 프로그래밍(Do it!)(전면개정판 3판),정재곤,이지스퍼블리싱,2016-01-14,https://search1.kakaocdn.net/thumb/R120x174.q85/?fname=http%3A%2F%2Ft1.daumcdn.net%2Flbook%2Fimage%2F1488948%3Ftimestamp%3D20210402150811,9788997390847
THE CATHEDRAL & THE BAZAAR,ERIC S. RAYMOND,,,,
윤성우의 열혈 Java 프로그래밍,윤성우,오렌지미디어,2017-07-05,https://search1.kakaocdn.net/thumb/R120x174.q85/?fname=http%3A%2F%2Ft1.daumcdn.net%2Flbook%2Fimage%2F1456899%3Ftimestamp%3D20210706193543,9788996094074
클라우드,윤혜식,미디어샘,2020-07-20,https://search1.kakaocdn.net/thumb/R120x174.q85/?fname=http%3A%2F%2Ft1.daumcdn.net%2Flbook%2Fimage%2F5412825%3Ftimestamp%3D20210705181210,9788968571541
클린 코드를 위한 테스트 주도 개발(파이썬을 이용한),해리 J W 퍼시벌,비제이퍼블릭,2015-03-24,https://search1.kakaocdn.net/thumb/R120x174.q85/?fname=http%3A%2F%2Ft1.daumcdn.net%2Flbook%2Fimage%2F1423811%3Ftimestamp%3D20210707144446,9788994774916
독하게 시작하는 C 프로그래밍,최호성,루비페이퍼,2015-06-25,https://search1.kakaocdn.net/thumb/R120x174.q85/?fname=http%3A%2F%2Ft1.daumcdn.net%2Flbook%2Fimage%2F1651664%3Ftimestamp%3D20210702152559,9791195149209
도올의 교육입국론(증보신판),김용옥,통나무,2017-12-04,https://search1.kakaocdn.net/thumb/R120x174.q85/?fname=http%3A%2F%2Ft1.daumcdn.net%2Flbook%2Fimage%2F1150930%3Ftimestamp%3D20210701151341,9788982641299
개발자의 글쓰기,김철수,위키북스,2019-10-04,https://search1.kakaocdn.net/thumb/R120x174.q85/?fname=http%3A%2F%2Ft1.daumcdn.net%2Flbook%2Fimage%2F5082951%3Ftimestamp%3D20210706194429,9791158391744
C 포인터의 이해와 활용,리차드 리스,제이펍,2013-12-20,https://search1.kakaocdn.net/thumb/R120x174.q85/?fname=http%3A%2F%2Ft1.daumcdn.net%2Flbook%2Fimage%2F1419387%3Ftimestamp%3D20210703183927,9788994506791
성적없는 성적표,류태호,경희대학교출판부,2018-06-12,https://search1.kakaocdn.net/thumb/R120x174.q85/?fname=http%3A%2F%2Ft1.daumcdn.net%2Flbook%2Fimage%2F1149652%3Ftimestamp%3D20210630144933,9788982225758
개발자 오디세이아(사람과 프로그래머 9),이경종,로드북,2020-03-18,https://search1.kakaocdn.net/thumb/R120x174.q85/?fname=http%3A%2F%2Ft1.daumcdn.net%2Flbook%2Fimage%2F5270375%3Ftimestamp%3D20210702152703,9788997924516
칼 비테 교육법,칼 비테,차이정원,2017-07-28,https://search1.kakaocdn.net/thumb/R120x174.q85/?fname=http%3A%2F%2Ft1.daumcdn.net%2Flbook%2Fimage%2F1650121%3Ftimestamp%3D20210706193505,9791188388004
성당과 시장,에릭 레이먼드,한빛미디어,,,
In the Plex 0과 1로 세상을 바꾸는 구글 그 모든 이야기(acornLoft),스티븐 레비,에이콘출판,2012-09-21,https://search1.kakaocdn.net/thumb/R120x174.q85/?fname=http%3A%2F%2Ft1.daumcdn.net%2Flbook%2Fimage%2F840191%3Ftimestamp%3D20210625144323,9788960773448
워 오브 아이티(War of IT),김영욱,지앤선,2015-02-28,https://search1.kakaocdn.net/thumb/R120x174.q85/?fname=http%3A%2F%2Ft1.daumcdn.net%2Flbook%2Fimage%2F1409175%3Ftimestamp%3D20210422151649,9788993827910
슈퍼인텔리전스,닉 보스트롬,까치,2017-04-05,https://search1.kakaocdn.net/thumb/R120x174.q85/?fname=http%3A%2F%2Ft1.daumcdn.net%2Flbook%2Fimage%2F1011550%3Ftimestamp%3D20210706193545,9788972916321
미래의 교육을 설계한다,마크 프렌스키,한문화,2018-11-21,https://search1.kakaocdn.net/thumb/R120x174.q85/?fname=http%3A%2F%2Ft1.daumcdn.net%2Flbook%2Fimage%2F4808768%3Ftimestamp%3D20210706192627,9788956993430
미래의 교육을 설계한다,마크 프렌스키,한문화,2018-11-21,https://search1.kakaocdn.net/thumb/R120x174.q85/?fname=http%3A%2F%2Ft1.daumcdn.net%2Flbook%2Fimage%2F4808768%3Ftimestamp%3D20210706192627,9788956993430
컴퓨터 과학 로드맵(한 권으로 그리는),블라드스톤 페헤이라 필루,인사이트,2018-04-19,https://search1.kakaocdn.net/thumb/R120x174.q85/?fname=http%3A%2F%2Ft1.daumcdn.net%2Flbook%2Fimage%2F924441%3Ftimestamp%3D20210706193658,9788966262199
의사결정 100 ToolKit,,동아일보 미래전략연구소,,,
1억배 빠른 양자 컴퓨터가 온다(누구나 읽을 수 있는 IT 과학이야기 3),니시모리 히데토시,로드북,2018-04-16,https://search1.kakaocdn.net/thumb/R120x174.q85/?fname=http%3A%2F%2Ft1.daumcdn.net%2Flbook%2Fimage%2F1493719%3Ftimestamp%3D20210705180244,9788997924387
인공지능이 나하고 무슨 관계지?(반양장),이장우,올림,2019-10-10,https://search1.kakaocdn.net/thumb/R120x174.q85/?fname=http%3A%2F%2Ft1.daumcdn.net%2Flbook%2Fimage%2F5090725%3Ftimestamp%3D20210623144057,9791162620274
AI 마인드,마틴 포드,터닝포인트,2019-07-01,https://search1.kakaocdn.net/thumb/R120x174.q85/?fname=http%3A%2F%2Ft1.daumcdn.net%2Flbook%2Fimage%2F4971204%3Ftimestamp%3D20210706194859,9791161340517
AI 마인드,마틴 포드,터닝포인트,2019-07-01,https://search1.kakaocdn.net/thumb/R120x174.q85/?fname=http%3A%2F%2Ft1.daumcdn.net%2Flbook%2Fimage%2F4971204%3Ftimestamp%3D20210706194859,9791161340517
컴퓨터과학이 여는 세계,이광근,인사이트,2017-02-28,https://search1.kakaocdn.net/thumb/R120x174.q85/?fname=http%3A%2F%2Ft1.daumcdn.net%2Flbook%2Fimage%2F924424%3Ftimestamp%3D20210706193853,9788966261437
1년 안에 AI 빅데이터 전문가가 되는 법,서대호,반니,2020-02-25,https://search1.kakaocdn.net/thumb/R120x174.q85/?fname=http%3A%2F%2Ft1.daumcdn.net%2Flbook%2Fimage%2F5229541%3Ftimestamp%3D20210706194556,9791190467117
소프트 스킬,존 손메즈,길벗,2015-11-27,https://search1.kakaocdn.net/thumb/R120x174.q85/?fname=http%3A%2F%2Ft1.daumcdn.net%2Flbook%2Fimage%2F1630490%3Ftimestamp%3D20210707143834,9791186659885
앨런 튜링,B 잭 코플랜드,지식함지,2014-10-30,https://search1.kakaocdn.net/thumb/R120x174.q85/?fname=http%3A%2F%2Ft1.daumcdn.net%2Flbook%2Fimage%2F1656413%3Ftimestamp%3D20210529142354,9791195258406
